2025-11-27T17:57:27.968364Z,B2,0.263,2025-11-27T17:57:27.704903Z,2025-11-27T17:57:27.968364Z
2025-11-27T17:57:28.690769Z,B1,0.491,2025-11-27T17:57:28.199461Z,2025-11-27T17:57:28.690769Z
2025-11-27T17:57:28.987018Z,B3,0.744,2025-11-27T17:57:28.243497Z,2025-11-27T17:57:28.987018Z
2025-11-27T17:57:30.023418Z,B1,0.245,2025-11-27T17:57:29.778216Z,2025-11-27T17:57:30.023418Z
2025-11-27T17:57:30.299835Z,B3,0.479,2025-11-27T17:57:29.820740Z,2025-11-27T17:57:30.299835Z
2025-11-27T17:57:31.324270Z,B3,0.527,2025-11-27T17:57:30.797264Z,2025-11-27T17:57:31.324270Z
2025-11-27T17:57:32.013684Z,A2,0.269,2025-11-27T17:57:31.745117Z,2025-11-27T17:57:32.013684Z
2025-11-27T17:57:32.128622Z,B3,0.535,2025-11-27T17:57:31.593389Z,2025-11-27T17:57:32.128622Z
2025-11-27T17:57:32.172411Z,B4,1.080,2025-11-27T17:57:31.092845Z,2025-11-27T17:57:32.172411Z
2025-11-27T17:57:37.772044Z,B2,0.531,2025-11-27T17:57:37.240774Z,2025-11-27T17:57:37.772044Z
2025-11-27T17:57:37.792198Z,B3,1.067,2025-11-27T17:57:36.725250Z,2025-11-27T17:57:37.792198Z
2025-11-27T17:57:41.752565Z,B2,0.241,2025-11-27T17:57:41.512024Z,2025-11-27T17:57:41.752565Z
2025-11-27T17:57:42.824504Z,B3,1.289,2025-11-27T17:57:41.535531Z,2025-11-27T17:57:42.824504Z
2025-11-27T17:57:44.534721Z,B3,1.129,2025-11-27T17:57:43.406190Z,2025-11-27T17:57:44.534721Z
2025-11-27T17:57:45.146054Z,B3,0.310,2025-11-27T17:57:44.835991Z,2025-11-27T17:57:45.146054Z
2025-11-27T17:57:46.323057Z,B3,0.578,2025-11-27T17:57:45.745325Z,2025-11-27T17:57:46.323057Z
2025-11-27T17:57:47.147817Z,B2,5.117,2025-11-27T17:57:42.030627Z,2025-11-27T17:57:47.147817Z
2025-11-27T17:57:48.515237Z,B2,0.294,2025-11-27T17:57:48.221047Z,2025-11-27T17:57:48.515237Z
2025-11-27T17:57:49.955756Z,B2,0.262,2025-11-27T17:57:49.694071Z,2025-11-27T17:57:49.955756Z
2025-11-27T17:57:54.035395Z,B2,2.003,2025-11-27T17:57:52.032657Z,2025-11-27T17:57:54.035395Z
2025-11-27T17:57:55.335301Z,B2,0.937,2025-11-27T17:57:54.397977Z,2025-11-27T17:57:55.335301Z
2025-11-27T17:58:01.819044Z,B2,5.905,2025-11-27T17:57:55.914104Z,2025-11-27T17:58:01.819044Z
2025-11-27T17:58:03.896885Z,B2,0.727,2025-11-27T17:58:03.169522Z,2025-11-27T17:58:03.896885Z
2025-11-27T17:58:05.527137Z,B2,0.826,2025-11-27T17:58:04.701623Z,2025-11-27T17:58:05.527137Z
2025-11-27T17:58:06.019598Z,B3,19.421,2025-11-27T17:57:46.598555Z,2025-11-27T17:58:06.019598Z
2025-11-27T17:58:12.394944Z,B1,6.043,2025-11-27T17:58:06.352146Z,2025-11-27T17:58:12.394944Z
2025-11-27T17:58:32.572607Z,B1,19.446,2025-11-27T17:58:13.126949Z,2025-11-27T17:58:32.572607Z
2025-11-27T17:58:34.695397Z,B2,28.276,2025-11-27T17:58:06.419720Z,2025-11-27T17:58:34.695397Z
2025-11-27T17:58:39.163433Z,B2,0.440,2025-11-27T17:58:38.723388Z,2025-11-27T17:58:39.163433Z
2025-11-27T17:58:40.534735Z,B2,0.980,2025-11-27T17:58:39.554894Z,2025-11-27T17:58:40.534735Z
2025-11-27T17:58:42.295512Z,B2,1.157,2025-11-27T17:58:41.138039Z,2025-11-27T17:58:42.295512Z
2025-11-27T17:58:43.191747Z,B2,0.611,2025-11-27T17:58:42.580701Z,2025-11-27T17:58:43.191747Z
2025-11-27T17:58:43.717596Z,B2,0.259,2025-11-27T17:58:43.458647Z,2025-11-27T17:58:43.717596Z
2025-11-27T17:58:49.826401Z,B2,5.174,2025-11-27T17:58:44.651913Z,2025-11-27T17:58:49.826401Z
2025-11-27T17:58:49.863677Z,B3,15.817,2025-11-27T17:58:34.046820Z,2025-11-27T17:58:49.863677Z
2025-11-27T17:58:50.866288Z,B2,0.705,2025-11-27T17:58:50.160984Z,2025-11-27T17:58:50.866288Z
2025-11-27T17:58:51.919209Z,B2,0.728,2025-11-27T17:58:51.190912Z,2025-11-27T17:58:51.919209Z
2025-11-27T17:58:55.615013Z,B2,1.040,2025-11-27T17:58:54.574809Z,2025-11-27T17:58:55.615013Z
2025-11-27T17:58:56.358212Z,B2,0.383,2025-11-27T17:58:55.975217Z,2025-11-27T17:58:56.358212Z
2025-11-27T17:58:58.651434Z,B2,1.998,2025-11-27T17:58:56.653651Z,2025-11-27T17:58:58.651434Z
2025-11-27T17:58:59.476016Z,B2,0.486,2025-11-27T17:58:58.990454Z,2025-11-27T17:58:59.476016Z
2025-11-27T17:59:00.408281Z,B2,0.435,2025-11-27T17:58:59.973711Z,2025-11-27T17:59:00.408281Z
2025-11-27T17:59:01.373659Z,B2,0.515,2025-11-27T17:59:00.858966Z,2025-11-27T17:59:01.373659Z
2025-11-27T18:01:06.424105Z,B2,0.155,2025-11-27T18:01:06.268976Z,2025-11-27T18:01:06.424105Z
2025-11-27T18:01:07.255011Z,B2,0.163,2025-11-27T18:01:07.091767Z,2025-11-27T18:01:07.255011Z
2025-11-27T18:01:09.540418Z,B2,0.328,2025-11-27T18:01:09.212571Z,2025-11-27T18:01:09.540418Z
2025-11-27T18:01:13.179962Z,B2,2.244,2025-11-27T18:01:10.936014Z,2025-11-27T18:01:13.179962Z
2025-11-27T18:01:17.375931Z,B2,4.029,2025-11-27T18:01:13.347203Z,2025-11-27T18:01:17.375931Z
2025-11-27T18:01:18.898273Z,B2,1.335,2025-11-27T18:01:17.562917Z,2025-11-27T18:01:18.898273Z
2025-11-27T18:01:20.071660Z,B2,0.170,2025-11-27T18:01:19.901386Z,2025-11-27T18:01:20.071660Z
2025-11-27T18:01:40.790238Z,B2,20.061,2025-11-27T18:01:20.729582Z,2025-11-27T18:01:40.790238Z
2025-11-27T18:01:45.997900Z,B4,1.330,2025-11-27T18:01:44.667935Z,2025-11-27T18:01:45.997900Z
2025-11-27T18:01:47.032553Z,B2,0.330,2025-11-27T18:01:46.702716Z,2025-11-27T18:01:47.032553Z
2025-11-27T18:01:49.441713Z,B4,1.708,2025-11-27T18:01:47.734071Z,2025-11-27T18:01:49.441713Z
2025-11-27T18:01:54.996623Z,B4,4.688,2025-11-27T18:01:50.308858Z,2025-11-27T18:01:54.996623Z
2025-11-27T18:01:56.876666Z,B2,0.166,2025-11-27T18:01:56.710667Z,2025-11-27T18:01:56.876666Z
2025-11-27T18:01:57.791562Z,B2,0.184,2025-11-27T18:01:57.607602Z,2025-11-27T18:01:57.791562Z
2025-11-27T18:02:01.134706Z,B2,0.334,2025-11-27T18:02:00.800815Z,2025-11-27T18:02:01.134706Z
2025-11-30T07:52:30.104801Z,A4,0.140,2025-11-30T07:52:29.964364Z,2025-11-30T07:52:30.104801Z
2025-11-30T07:52:34.036260Z,B1,0.124,2025-11-30T07:52:33.911979Z,2025-11-30T07:52:34.036260Z
2025-11-30T07:52:34.316334Z,A4,0.136,2025-11-30T07:52:34.180361Z,2025-11-30T07:52:34.316334Z
2025-11-30T07:52:34.822381Z,B1,0.642,2025-11-30T07:52:34.180396Z,2025-11-30T07:52:34.822381Z
2025-11-30T07:52:34.982968Z,A4,0.161,2025-11-30T07:52:34.822348Z,2025-11-30T07:52:34.982968Z
2025-11-30T07:52:42.651148Z,A3,0.175,2025-11-30T07:52:42.476002Z,2025-11-30T07:52:42.651148Z
2025-11-30T07:52:45.591276Z,A3,1.491,2025-11-30T07:52:44.100075Z,2025-11-30T07:52:45.591276Z
2025-11-30T07:52:46.422098Z,A4,0.168,2025-11-30T07:52:46.254048Z,2025-11-30T07:52:46.422098Z
2025-11-30T07:52:47.427831Z,A4,0.835,2025-11-30T07:52:46.592753Z,2025-11-30T07:52:47.427831Z
2025-11-30T07:52:47.962639Z,A1,0.368,2025-11-30T07:52:47.594363Z,2025-11-30T07:52:47.962639Z
2025-11-30T07:52:48.794522Z,A4,0.168,2025-11-30T07:52:48.626446Z,2025-11-30T07:52:48.794522Z
2025-11-30T07:52:49.120052Z,A1,0.829,2025-11-30T07:52:48.291226Z,2025-11-30T07:52:49.120052Z
2025-11-30T07:52:49.632324Z,A4,0.337,2025-11-30T07:52:49.294832Z,2025-11-30T07:52:49.632324Z
2025-11-30T07:52:49.793185Z,A1,0.161,2025-11-30T07:52:49.632094Z,2025-11-30T07:52:49.793185Z
2025-11-30T07:52:52.294305Z,A4,2.501,2025-11-30T07:52:49.793520Z,2025-11-30T07:52:52.294305Z
2025-11-30T07:52:54.127042Z,A1,0.164,2025-11-30T07:52:53.963398Z,2025-11-30T07:52:54.127042Z
2025-11-30T07:52:55.654477Z,A4,3.183,2025-11-30T07:52:52.471416Z,2025-11-30T07:52:55.654477Z
2025-11-30T07:52:59.945502Z,A1,0.169,2025-11-30T07:52:59.776624Z,2025-11-30T07:52:59.945502Z
2025-11-30T07:53:00.790978Z,A1,0.338,2025-11-30T07:53:00.453375Z,2025-11-30T07:53:00.790978Z
2025-11-30T07:53:01.386419Z,A1,0.430,2025-11-30T07:53:00.956860Z,2025-11-30T07:53:01.386419Z
2025-11-30T07:53:02.053564Z,A1,0.160,2025-11-30T07:53:01.893793Z,2025-11-30T07:53:02.053564Z
2025-11-30T07:53:02.561912Z,A3,1.175,2025-11-30T07:53:01.386775Z,2025-11-30T07:53:02.561912Z
2025-11-30T07:53:03.398469Z,A3,0.340,2025-11-30T07:53:03.058597Z,2025-11-30T07:53:03.398469Z
2025-11-30T07:53:05.728047Z,B4,0.154,2025-11-30T07:53:05.574288Z,2025-11-30T07:53:05.728047Z
2025-11-30T07:53:06.401626Z,B4,0.499,2025-11-30T07:53:05.902168Z,2025-11-30T07:53:06.401626Z
2025-11-30T07:53:08.565931Z,B3,3.813,2025-11-30T07:53:04.753137Z,2025-11-30T07:53:08.565931Z
2025-11-30T07:53:10.584488Z,B4,4.013,2025-11-30T07:53:06.571450Z,2025-11-30T07:53:10.584488Z
2025-11-30T07:53:11.665174Z,B3,2.928,2025-11-30T07:53:08.737226Z,2025-11-30T07:53:11.665174Z
2025-11-30T07:53:12.164272Z,A2,0.334,2025-11-30T07:53:11.830397Z,2025-11-30T07:53:12.164272Z
2025-11-30T07:53:12.164635Z,B2,0.334,2025-11-30T07:53:11.830619Z,2025-11-30T07:53:12.164635Z
2025-11-30T07:53:13.128571Z,B2,0.800,2025-11-30T07:53:12.328828Z,2025-11-30T07:53:13.128571Z
2025-11-30T07:53:13.305574Z,A4,14.183,2025-11-30T07:52:59.122866Z,2025-11-30T07:53:13.305574Z
2025-11-30T07:53:13.466011Z,A1,10.904,2025-11-30T07:53:02.561819Z,2025-11-30T07:53:13.466011Z
2025-11-30T07:53:13.466674Z,A3,8.538,2025-11-30T07:53:04.928752Z,2025-11-30T07:53:13.466674Z
2025-11-30T07:53:40.637607Z,A3,0.166,2025-11-30T07:53:40.472105Z,2025-11-30T07:53:40.637607Z
2025-11-30T07:53:42.036902Z,B2,0.158,2025-11-30T07:53:41.879115Z,2025-11-30T07:53:42.036902Z
2025-11-30T07:53:42.037168Z,B4,0.158,2025-11-30T07:53:41.879187Z,2025-11-30T07:53:42.037168Z
2025-11-30T07:53:43.101868Z,B1,0.170,2025-11-30T07:53:42.932032Z,2025-11-30T07:53:43.101868Z
2025-11-30T07:53:43.102240Z,B4,0.724,2025-11-30T07:53:42.378631Z,2025-11-30T07:53:43.102240Z
2025-11-30T07:53:43.761333Z,B2,0.160,2025-11-30T07:53:43.601249Z,2025-11-30T07:53:43.761333Z
2025-11-30T07:53:44.260578Z,A2,0.169,2025-11-30T07:53:44.091448Z,2025-11-30T07:53:44.260578Z
2025-11-30T07:53:44.436085Z,B1,0.175,2025-11-30T07:53:44.260873Z,2025-11-30T07:53:44.436085Z
2025-11-30T07:53:46.269693Z,B2,0.672,2025-11-30T07:53:45.598099Z,2025-11-30T07:53:46.269693Z
2025-11-30T07:53:50.238389Z,B1,0.162,2025-11-30T07:53:50.076658Z,2025-11-30T07:53:50.238389Z
2025-11-30T07:53:52.806452Z,A2,1.665,2025-11-30T07:53:51.141329Z,2025-11-30T07:53:52.806452Z
2025-11-30T07:53:53.363604Z,A2,0.360,2025-11-30T07:53:53.004048Z,2025-11-30T07:53:53.363604Z
2025-11-30T07:53:53.551708Z,A4,0.188,2025-11-30T07:53:53.363890Z,2025-11-30T07:53:53.551708Z
2025-11-30T07:53:53.745819Z,A2,0.194,2025-11-30T07:53:53.551635Z,2025-11-30T07:53:53.745819Z
2025-11-30T07:53:54.114160Z,A1,1.110,2025-11-30T07:53:53.003992Z,2025-11-30T07:53:54.114160Z
2025-11-30T07:53:56.569674Z,A1,1.732,2025-11-30T07:53:54.837508Z,2025-11-30T07:53:56.569674Z
2025-11-30T07:53:59.070377Z,A1,0.163,2025-11-30T07:53:58.907510Z,2025-11-30T07:53:59.070377Z
2025-11-30T07:53:59.239158Z,A2,0.169,2025-11-30T07:53:59.070640Z,2025-11-30T07:53:59.239158Z
2025-11-30T07:54:00.077270Z,B3,0.675,2025-11-30T07:53:59.402709Z,2025-11-30T07:54:00.077270Z
2025-11-30T07:54:00.812442Z,A1,1.410,2025-11-30T07:53:59.402474Z,2025-11-30T07:54:00.812442Z
2025-11-30T07:54:00.812877Z,B3,0.541,2025-11-30T07:54:00.271770Z,2025-11-30T07:54:00.812877Z
2025-11-30T07:54:01.021029Z,A2,1.618,2025-11-30T07:53:59.402532Z,2025-11-30T07:54:01.021029Z
2025-11-30T07:54:01.021285Z,A3,2.114,2025-11-30T07:53:58.907597Z,2025-11-30T07:54:01.021285Z
2025-11-30T07:54:02.071013Z,A3,0.166,2025-11-30T07:54:01.905211Z,2025-11-30T07:54:02.071013Z
2025-11-30T07:54:02.804277Z,A3,0.194,2025-11-30T07:54:02.610389Z,2025-11-30T07:54:02.804277Z
2025-11-30T07:54:03.494996Z,B3,0.191,2025-11-30T07:54:03.304199Z,2025-11-30T07:54:03.494996Z
2025-11-30T07:54:04.205789Z,A2,0.162,2025-11-30T07:54:04.043831Z,2025-11-30T07:54:04.205789Z
2025-11-30T07:54:04.206031Z,A3,0.711,2025-11-30T07:54:03.494732Z,2025-11-30T07:54:04.206031Z
2025-11-30T07:54:05.045218Z,A3,0.667,2025-11-30T07:54:04.378085Z,2025-11-30T07:54:05.045218Z
2025-11-30T07:54:05.438508Z,A2,0.195,2025-11-30T07:54:05.243397Z,2025-11-30T07:54:05.438508Z
2025-11-30T07:54:05.616782Z,A3,0.178,2025-11-30T07:54:05.438881Z,2025-11-30T07:54:05.616782Z
2025-11-30T07:54:06.870783Z,A2,0.328,2025-11-30T07:54:06.542792Z,2025-11-30T07:54:06.870783Z
2025-11-30T07:54:07.240860Z,A2,0.171,2025-11-30T07:54:07.069904Z,2025-11-30T07:54:07.240860Z
2025-11-30T07:54:08.071567Z,A2,0.330,2025-11-30T07:54:07.742020Z,2025-11-30T07:54:08.071567Z
2025-11-30T07:54:08.571335Z,A2,0.165,2025-11-30T07:54:08.406100Z,2025-11-30T07:54:08.571335Z
2025-11-30T07:54:09.404363Z,A2,0.165,2025-11-30T07:54:09.239531Z,2025-11-30T07:54:09.404363Z
2025-11-30T07:54:09.742107Z,A2,0.180,2025-11-30T07:54:09.562070Z,2025-11-30T07:54:09.742107Z
2025-11-30T07:54:10.896019Z,A3,5.087,2025-11-30T07:54:05.808554Z,2025-11-30T07:54:10.896019Z
2025-11-30T07:54:11.071565Z,A1,6.026,2025-11-30T07:54:05.045131Z,2025-11-30T07:54:11.071565Z
2025-11-30T07:54:11.244146Z,A3,0.172,2025-11-30T07:54:11.071919Z,2025-11-30T07:54:11.244146Z
2025-11-30T07:54:11.602880Z,A2,0.166,2025-11-30T07:54:11.436409Z,2025-11-30T07:54:11.602880Z
2025-11-30T07:54:11.603220Z,A4,0.167,2025-11-30T07:54:11.436478Z,2025-11-30T07:54:11.603220Z
2025-11-30T07:54:20.005091Z,B2,0.171,2025-11-30T07:54:19.833873Z,2025-11-30T07:54:20.005091Z
2025-11-30T07:54:20.005342Z,B3,0.171,2025-11-30T07:54:19.833914Z,2025-11-30T07:54:20.005342Z
2025-11-30T07:54:47.162252Z,A3,0.167,2025-11-30T07:54:46.994841Z,2025-11-30T07:54:47.162252Z
2025-11-30T07:54:47.163051Z,B4,3.876,2025-11-30T07:54:43.286576Z,2025-11-30T07:54:47.163051Z
2025-11-30T07:54:48.329017Z,A3,0.821,2025-11-30T07:54:47.507792Z,2025-11-30T07:54:48.329017Z
2025-11-30T07:54:49.026475Z,B4,1.350,2025-11-30T07:54:47.676553Z,2025-11-30T07:54:49.026475Z
2025-11-30T07:54:49.211710Z,A3,0.185,2025-11-30T07:54:49.026270Z,2025-11-30T07:54:49.211710Z
2025-11-30T07:54:51.345809Z,B2,8.059,2025-11-30T07:54:43.286494Z,2025-11-30T07:54:51.345809Z
2025-11-30T07:54:51.675690Z,B2,0.163,2025-11-30T07:54:51.512891Z,2025-11-30T07:54:51.675690Z
2025-11-30T07:54:51.675975Z,B4,0.163,2025-11-30T07:54:51.512970Z,2025-11-30T07:54:51.675975Z
2025-11-30T07:54:52.012071Z,A3,1.011,2025-11-30T07:54:51.001353Z,2025-11-30T07:54:52.012071Z
2025-11-30T07:54:52.176344Z,A2,8.890,2025-11-30T07:54:43.286229Z,2025-11-30T07:54:52.176344Z
2025-11-30T07:54:52.675047Z,B2,0.663,2025-11-30T07:54:52.012372Z,2025-11-30T07:54:52.675047Z
2025-11-30T07:54:52.839667Z,B3,9.553,2025-11-30T07:54:43.286535Z,2025-11-30T07:54:52.839667Z
2025-11-30T07:54:53.519049Z,A2,0.177,2025-11-30T07:54:53.342218Z,2025-11-30T07:54:53.519049Z
2025-11-30T07:54:53.874792Z,A3,0.533,2025-11-30T07:54:53.342257Z,2025-11-30T07:54:53.874792Z
2025-11-30T07:54:53.875191Z,B4,0.356,2025-11-30T07:54:53.519488Z,2025-11-30T07:54:53.875191Z
2025-11-30T07:54:54.044538Z,B2,0.169,2025-11-30T07:54:53.875114Z,2025-11-30T07:54:54.044538Z
2025-11-30T07:54:54.375335Z,B4,0.331,2025-11-30T07:54:54.044813Z,2025-11-30T07:54:54.375335Z
2025-11-30T07:54:55.038072Z,A3,0.161,2025-11-30T07:54:54.877136Z,2025-11-30T07:54:55.038072Z
2025-11-30T07:54:56.111768Z,B1,1.737,2025-11-30T07:54:54.375227Z,2025-11-30T07:54:56.111768Z
2025-11-30T07:54:59.176126Z,B4,0.928,2025-11-30T07:54:58.248127Z,2025-11-30T07:54:59.176126Z
2025-11-30T07:54:59.522219Z,B4,0.172,2025-11-30T07:54:59.350008Z,2025-11-30T07:54:59.522219Z
2025-11-30T07:55:00.108455Z,B4,0.162,2025-11-30T07:54:59.946382Z,2025-11-30T07:55:00.108455Z
2025-11-30T07:55:01.829774Z,B2,7.283,2025-11-30T07:54:54.546513Z,2025-11-30T07:55:01.829774Z
2025-11-30T07:55:02.174423Z,B3,7.628,2025-11-30T07:54:54.546590Z,2025-11-30T07:55:02.174423Z
2025-11-30T07:55:02.839238Z,A2,0.331,2025-11-30T07:55:02.507909Z,2025-11-30T07:55:02.839238Z
2025-11-30T07:55:03.014602Z,A3,0.680,2025-11-30T07:55:02.334469Z,2025-11-30T07:55:03.014602Z
2025-11-30T07:55:03.014912Z,B2,0.507,2025-11-30T07:55:02.508060Z,2025-11-30T07:55:03.014912Z
2025-11-30T07:55:03.015092Z,B3,0.680,2025-11-30T07:55:02.334599Z,2025-11-30T07:55:03.015092Z
2025-11-30T07:55:03.527083Z,A2,0.189,2025-11-30T07:55:03.337616Z,2025-11-30T07:55:03.527083Z
2025-11-30T07:55:03.707330Z,A3,0.370,2025-11-30T07:55:03.337654Z,2025-11-30T07:55:03.707330Z
2025-11-30T07:55:03.871905Z,A4,0.164,2025-11-30T07:55:03.707546Z,2025-11-30T07:55:03.871905Z
2025-11-30T07:55:09.112936Z,B2,0.164,2025-11-30T07:55:08.949433Z,2025-11-30T07:55:09.112936Z
2025-11-30T07:55:09.942809Z,B1,0.329,2025-11-30T07:55:09.613794Z,2025-11-30T07:55:09.942809Z
2025-11-30T07:55:09.943123Z,B3,0.500,2025-11-30T07:55:09.442893Z,2025-11-30T07:55:09.943123Z
2025-11-30T07:55:11.189554Z,A1,0.878,2025-11-30T07:55:10.311123Z,2025-11-30T07:55:11.189554Z
2025-11-30T07:55:11.378592Z,A3,1.601,2025-11-30T07:55:09.777207Z,2025-11-30T07:55:11.378592Z
2025-11-30T07:55:11.759005Z,B3,0.198,2025-11-30T07:55:11.560995Z,2025-11-30T07:55:11.759005Z
2025-11-30T07:55:11.988731Z,B4,1.855,2025-11-30T07:55:10.133396Z,2025-11-30T07:55:11.988731Z
2025-11-30T07:55:12.394686Z,B4,0.204,2025-11-30T07:55:12.190231Z,2025-11-30T07:55:12.394686Z
2025-11-30T07:55:12.590027Z,A3,0.601,2025-11-30T07:55:11.988535Z,2025-11-30T07:55:12.590027Z
2025-11-30T07:55:13.151386Z,A1,1.591,2025-11-30T07:55:11.560768Z,2025-11-30T07:55:13.151386Z
2025-11-30T07:55:13.152190Z,A3,0.170,2025-11-30T07:55:12.982044Z,2025-11-30T07:55:13.152190Z
2025-11-30T07:55:13.558277Z,A1,0.201,2025-11-30T07:55:13.357096Z,2025-11-30T07:55:13.558277Z
2025-11-30T07:55:13.558579Z,A3,0.201,2025-11-30T07:55:13.357194Z,2025-11-30T07:55:13.558579Z
2025-11-30T07:55:14.073822Z,B3,0.168,2025-11-30T07:55:13.905632Z,2025-11-30T07:55:14.073822Z
2025-11-30T07:55:14.248600Z,A3,0.505,2025-11-30T07:55:13.743283Z,2025-11-30T07:55:14.248600Z
2025-11-30T07:55:14.248901Z,B2,3.938,2025-11-30T07:55:10.311310Z,2025-11-30T07:55:14.248901Z
2025-11-30T07:55:14.421919Z,B3,0.173,2025-11-30T07:55:14.249058Z,2025-11-30T07:55:14.421919Z
2025-11-30T07:55:14.801859Z,B3,0.186,2025-11-30T07:55:14.615780Z,2025-11-30T07:55:14.801859Z
2025-11-30T07:55:14.802111Z,B4,2.212,2025-11-30T07:55:12.590400Z,2025-11-30T07:55:14.802111Z
2025-11-30T07:55:15.802211Z,A4,0.206,2025-11-30T07:55:15.596295Z,2025-11-30T07:55:15.802211Z
2025-11-30T07:55:16.202461Z,B4,1.185,2025-11-30T07:55:15.017712Z,2025-11-30T07:55:16.202461Z
2025-11-30T07:55:16.403821Z,A3,0.602,2025-11-30T07:55:15.802174Z,2025-11-30T07:55:16.403821Z
2025-11-30T07:55:16.404195Z,B1,0.409,2025-11-30T07:55:15.995039Z,2025-11-30T07:55:16.404195Z
2025-11-30T07:55:16.789322Z,A4,0.385,2025-11-30T07:55:16.404155Z,2025-11-30T07:55:16.789322Z
2025-11-30T07:55:16.984871Z,A2,0.196,2025-11-30T07:55:16.789131Z,2025-11-30T07:55:16.984871Z
2025-11-30T07:55:16.985433Z,B3,1.389,2025-11-30T07:55:15.596397Z,2025-11-30T07:55:16.985433Z
2025-11-30T07:55:17.363030Z,A3,0.198,2025-11-30T07:55:17.164708Z,2025-11-30T07:55:17.363030Z
2025-11-30T07:55:17.964561Z,A2,0.176,2025-11-30T07:55:17.789033Z,2025-11-30T07:55:17.964561Z
2025-11-30T07:55:20.132134Z,A1,1.601,2025-11-30T07:55:18.530743Z,2025-11-30T07:55:20.132134Z
2025-11-30T07:55:20.337214Z,B1,0.204,2025-11-30T07:55:20.132749Z,2025-11-30T07:55:20.337214Z
2025-11-30T07:55:21.129841Z,A1,0.594,2025-11-30T07:55:20.535808Z,2025-11-30T07:55:21.129841Z
2025-11-30T07:55:21.920080Z,B2,4.755,2025-11-30T07:55:17.164804Z,2025-11-30T07:55:21.920080Z
2025-11-30T07:55:22.703687Z,A4,0.449,2025-11-30T07:55:22.254672Z,2025-11-30T07:55:22.703687Z
2025-11-30T07:55:23.865418Z,B2,1.407,2025-11-30T07:55:22.458901Z,2025-11-30T07:55:23.865418Z
2025-11-30T07:55:23.865975Z,B3,3.528,2025-11-30T07:55:20.337508Z,2025-11-30T07:55:23.865975Z
2025-11-30T07:55:24.030165Z,A2,3.693,2025-11-30T07:55:20.337110Z,2025-11-30T07:55:24.030165Z
2025-11-30T07:55:24.030420Z,A3,4.101,2025-11-30T07:55:19.929781Z,2025-11-30T07:55:24.030420Z
2025-11-30T07:55:24.030745Z,B4,3.898,2025-11-30T07:55:20.132962Z,2025-11-30T07:55:24.030745Z
2025-11-30T07:55:24.604946Z,A2,0.199,2025-11-30T07:55:24.405805Z,2025-11-30T07:55:24.604946Z
2025-11-30T07:55:24.798650Z,A3,0.393,2025-11-30T07:55:24.405847Z,2025-11-30T07:55:24.798650Z
2025-11-30T07:55:28.235894Z,B1,0.165,2025-11-30T07:55:28.070929Z,2025-11-30T07:55:28.235894Z
2025-11-30T20:04:44.101037Z,B3,0.195,2025-11-30T20:04:43.906272Z,2025-11-30T20:04:44.101037Z
2025-11-30T20:04:44.602215Z,B2,0.167,2025-11-30T20:04:44.435010Z,2025-11-30T20:04:44.602215Z
2025-11-30T20:04:44.602399Z,B3,0.167,2025-11-30T20:04:44.435050Z,2025-11-30T20:04:44.602399Z
2025-11-30T20:04:49.157117Z,B2,0.370,2025-11-30T20:04:48.787188Z,2025-11-30T20:04:49.157117Z
2025-11-30T20:04:54.180913Z,B2,4.000,2025-11-30T20:04:50.180716Z,2025-11-30T20:04:54.180913Z
2025-11-30T20:04:55.010226Z,B2,0.158,2025-11-30T20:04:54.851762Z,2025-11-30T20:04:55.010226Z
2025-11-30T20:04:56.012149Z,B2,0.159,2025-11-30T20:04:55.853528Z,2025-11-30T20:04:56.012149Z
2025-12-01T17:42:44.625858Z,A1,0.241,2025-12-01T17:42:44.384639Z,2025-12-01T17:42:44.625858Z
2025-12-01T17:42:48.420450Z,A1,3.399,2025-12-01T17:42:45.021902Z,2025-12-01T17:42:48.420450Z
2025-12-01T17:42:50.192956Z,A1,0.805,2025-12-01T17:42:49.387921Z,2025-12-01T17:42:50.192956Z
2025-12-01T17:42:50.434290Z,A1,0.075,2025-12-01T17:42:50.359206Z,2025-12-01T17:42:50.434290Z
2025-12-01T17:42:52.540371Z,A1,1.942,2025-12-01T17:42:50.598493Z,2025-12-01T17:42:52.540371Z
2025-12-01T17:43:01.745877Z,A1,3.513,2025-12-01T17:42:58.232745Z,2025-12-01T17:43:01.745877Z
2025-12-01T17:43:37.657049Z,A1,1.210,2025-12-01T17:43:36.446573Z,2025-12-01T17:43:37.657049Z
2025-12-01T17:43:39.236502Z,A1,0.491,2025-12-01T17:43:38.745281Z,2025-12-01T17:43:39.236502Z
2025-12-01T17:43:39.724417Z,A1,0.122,2025-12-01T17:43:39.601937Z,2025-12-01T17:43:39.724417Z
2025-12-01T17:43:42.058454Z,A1,1.533,2025-12-01T17:43:40.524994Z,2025-12-01T17:43:42.058454Z
2025-12-01T17:43:42.547396Z,A1,0.117,2025-12-01T17:43:42.430795Z,2025-12-01T17:43:42.547396Z
2025-12-01T17:43:44.074931Z,A1,0.316,2025-12-01T17:43:43.758769Z,2025-12-01T17:43:44.074931Z
2025-12-01T17:43:45.090340Z,A1,0.124,2025-12-01T17:43:44.966717Z,2025-12-01T17:43:45.090340Z
2025-12-01T17:43:46.056743Z,A1,0.483,2025-12-01T17:43:45.573565Z,2025-12-01T17:43:46.056743Z
2025-12-01T17:43:48.030027Z,A1,0.558,2025-12-01T17:43:47.472315Z,2025-12-01T17:43:48.030027Z
2025-12-01T17:43:49.810561Z,A1,0.118,2025-12-01T17:43:49.692696Z,2025-12-01T17:43:49.810561Z
2025-12-01T17:43:50.897936Z,A1,0.340,2025-12-01T17:43:50.557759Z,2025-12-01T17:43:50.897936Z
2025-12-01T17:43:52.561022Z,A1,0.574,2025-12-01T17:43:51.986747Z,2025-12-01T17:43:52.561022Z
2025-12-01T17:43:53.734718Z,A1,1.056,2025-12-01T17:43:52.678583Z,2025-12-01T17:43:53.734718Z
2025-12-01T17:43:55.266210Z,A1,0.114,2025-12-01T17:43:55.151888Z,2025-12-01T17:43:55.266210Z
2025-12-01T17:43:55.511480Z,A1,0.127,2025-12-01T17:43:55.384399Z,2025-12-01T17:43:55.511480Z
2025-12-01T17:43:56.194336Z,A1,0.359,2025-12-01T17:43:55.835553Z,2025-12-01T17:43:56.194336Z
2025-12-01T17:43:57.441615Z,A1,1.128,2025-12-01T17:43:56.313578Z,2025-12-01T17:43:57.441615Z
2025-12-01T17:43:58.090033Z,A1,0.120,2025-12-01T17:43:57.969913Z,2025-12-01T17:43:58.090033Z
2025-12-01T17:44:00.434900Z,A1,1.984,2025-12-01T17:43:58.450811Z,2025-12-01T17:44:00.434900Z
2025-12-01T17:44:01.417484Z,A1,0.856,2025-12-01T17:44:00.561007Z,2025-12-01T17:44:01.417484Z
2025-12-01T17:44:03.432368Z,A1,1.907,2025-12-01T17:44:01.524879Z,2025-12-01T17:44:03.432368Z
2025-12-01T17:44:04.944809Z,A1,1.387,2025-12-01T17:44:03.557439Z,2025-12-01T17:44:04.944809Z
2025-12-01T17:44:06.928917Z,A1,1.649,2025-12-01T17:44:05.280014Z,2025-12-01T17:44:06.928917Z
2025-12-01T17:44:08.401156Z,A1,1.266,2025-12-01T17:44:07.135090Z,2025-12-01T17:44:08.401156Z
2025-12-01T17:44:09.514355Z,A1,0.684,2025-12-01T17:44:08.830700Z,2025-12-01T17:44:09.514355Z
2025-12-01T17:44:15.857209Z,A1,6.258,2025-12-01T17:44:09.599040Z,2025-12-01T17:44:15.857209Z
2025-12-01T17:44:19.197177Z,A1,0.443,2025-12-01T17:44:18.754548Z,2025-12-01T17:44:19.197177Z
2025-12-01T17:44:22.607534Z,A1,0.184,2025-12-01T17:44:22.423987Z,2025-12-01T17:44:22.607534Z
2025-12-03T10:54:42.874678Z,b2,1.621,2025-12-03T10:54:41.253818Z,2025-12-03T10:54:42.874678Z
2025-12-03T10:54:48.047858Z,b2,0.564,2025-12-03T10:54:47.483363Z,2025-12-03T10:54:48.047858Z
2025-12-03T10:54:50.746968Z,b2,2.577,2025-12-03T10:54:48.169658Z,2025-12-03T10:54:50.746968Z
2025-12-03T10:54:58.442720Z,b2,3.065,2025-12-03T10:54:55.378089Z,2025-12-03T10:54:58.442720Z
2025-12-03T10:54:58.706296Z,a1,9.206,2025-12-03T10:54:49.500323Z,2025-12-03T10:54:58.706296Z
2025-12-03T10:54:59.110696Z,a1,0.133,2025-12-03T10:54:58.977835Z,2025-12-03T10:54:59.110696Z
2025-12-03T10:55:02.746118Z,b1,9.133,2025-12-03T10:54:53.612974Z,2025-12-03T10:55:02.746118Z
2025-12-03T10:55:07.341035Z,b1,0.394,2025-12-03T10:55:06.946805Z,2025-12-03T10:55:07.341035Z
2025-12-03T10:55:08.083661Z,b1,0.403,2025-12-03T10:55:07.681049Z,2025-12-03T10:55:08.083661Z
2025-12-03T10:55:10.910914Z,b2,11.530,2025-12-03T10:54:59.380956Z,2025-12-03T10:55:10.910914Z
2025-12-03T10:55:13.576942Z,b1,5.330,2025-12-03T10:55:08.246692Z,2025-12-03T10:55:13.576942Z
2025-12-03T10:55:14.512383Z,a1,15.273,2025-12-03T10:54:59.239546Z,2025-12-03T10:55:14.512383Z
2025-12-03T10:55:17.577688Z,b1,1.323,2025-12-03T10:55:16.254270Z,2025-12-03T10:55:17.577688Z
2025-12-03T10:55:19.715309Z,a1,0.144,2025-12-03T10:55:19.571012Z,2025-12-03T10:55:19.715309Z
2025-12-03T10:55:19.852245Z,b1,0.538,2025-12-03T10:55:19.314313Z,2025-12-03T10:55:19.852245Z
2025-12-03T10:55:21.579326Z,a1,1.727,2025-12-03T10:55:19.852191Z,2025-12-03T10:55:21.579326Z
2025-12-03T10:55:22.246306Z,a2,23.540,2025-12-03T10:54:58.706595Z,2025-12-03T10:55:22.246306Z
2025-12-03T10:55:22.505929Z,a1,0.122,2025-12-03T10:55:22.383812Z,2025-12-03T10:55:22.505929Z
2025-12-03T10:55:24.081494Z,b2,11.434,2025-12-03T10:55:12.647600Z,2025-12-03T10:55:24.081494Z
2025-12-03T10:55:26.717590Z,b1,3.329,2025-12-03T10:55:23.388831Z,2025-12-03T10:55:26.717590Z
2025-12-03T10:55:29.786868Z,b2,2.806,2025-12-03T10:55:26.980399Z,2025-12-03T10:55:29.786868Z
2025-12-03T10:55:30.714156Z,a1,8.068,2025-12-03T10:55:22.645755Z,2025-12-03T10:55:30.714156Z
2025-12-03T10:55:31.415198Z,a1,0.567,2025-12-03T10:55:30.847766Z,2025-12-03T10:55:31.415198Z
2025-12-03T10:55:33.682024Z,b1,2.005,2025-12-03T10:55:31.677437Z,2025-12-03T10:55:33.682024Z
2025-12-03T10:55:35.320202Z,b2,0.972,2025-12-03T10:55:34.348559Z,2025-12-03T10:55:35.320202Z
2025-12-03T10:55:38.152727Z,a2,8.101,2025-12-03T10:55:30.051955Z,2025-12-03T10:55:38.152727Z
2025-12-03T10:55:39.513611Z,b1,0.929,2025-12-03T10:55:38.584334Z,2025-12-03T10:55:39.513611Z
2025-12-03T10:55:40.043192Z,b1,0.390,2025-12-03T10:55:39.653487Z,2025-12-03T10:55:40.043192Z
2025-12-03T10:55:40.321324Z,b2,4.836,2025-12-03T10:55:35.485173Z,2025-12-03T10:55:40.321324Z
2025-12-03T10:55:41.150425Z,a2,0.672,2025-12-03T10:55:40.478667Z,2025-12-03T10:55:41.150425Z
2025-12-03T10:55:42.783860Z,b1,1.342,2025-12-03T10:55:41.441487Z,2025-12-03T10:55:42.783860Z
2025-12-03T10:55:43.046828Z,a2,0.132,2025-12-03T10:55:42.914409Z,2025-12-03T10:55:43.046828Z
2025-12-03T10:55:43.449475Z,a2,0.268,2025-12-03T10:55:43.181229Z,2025-12-03T10:55:43.449475Z
2025-12-03T10:55:43.850979Z,b2,0.271,2025-12-03T10:55:43.580318Z,2025-12-03T10:55:43.850979Z
2025-12-03T10:55:44.514707Z,b1,0.537,2025-12-03T10:55:43.977754Z,2025-12-03T10:55:44.514707Z
2025-12-03T10:55:45.845669Z,b2,0.527,2025-12-03T10:55:45.318409Z,2025-12-03T10:55:45.845669Z
2025-12-03T10:55:46.690083Z,a2,0.844,2025-12-03T10:55:45.845631Z,2025-12-03T10:55:46.690083Z
2025-12-03T10:55:46.846807Z,b2,0.156,2025-12-03T10:55:46.690444Z,2025-12-03T10:55:46.846807Z
2025-12-03T10:55:48.450219Z,a2,0.135,2025-12-03T10:55:48.315463Z,2025-12-03T10:55:48.450219Z
2025-12-03T10:55:50.083034Z,a2,0.537,2025-12-03T10:55:49.545607Z,2025-12-03T10:55:50.083034Z
2025-12-03T10:55:52.150067Z,a2,0.133,2025-12-03T10:55:52.017548Z,2025-12-03T10:55:52.150067Z
2025-12-03T10:55:53.051881Z,b1,6.205,2025-12-03T10:55:46.846737Z,2025-12-03T10:55:53.051881Z
2025-12-03T10:55:53.178707Z,a1,0.262,2025-12-03T10:55:52.916258Z,2025-12-03T10:55:53.178707Z
2025-12-03T10:55:55.214821Z,a1,1.896,2025-12-03T10:55:53.318360Z,2025-12-03T10:55:55.214821Z
2025-12-03T10:55:55.617978Z,a1,0.264,2025-12-03T10:55:55.353783Z,2025-12-03T10:55:55.617978Z
2025-12-03T10:55:55.618303Z,b1,2.439,2025-12-03T10:55:53.178951Z,2025-12-03T10:55:55.618303Z
2025-12-03T10:55:56.420305Z,b1,0.537,2025-12-03T10:55:55.882890Z,2025-12-03T10:55:56.420305Z
2025-12-03T10:55:57.084136Z,b1,0.402,2025-12-03T10:55:56.681971Z,2025-12-03T10:55:57.084136Z
2025-12-03T10:55:58.053722Z,a2,0.265,2025-12-03T10:55:57.789154Z,2025-12-03T10:55:58.053722Z
2025-12-03T10:55:59.385497Z,a2,1.201,2025-12-03T10:55:58.184674Z,2025-12-03T10:55:59.385497Z
2025-12-03T10:56:00.446529Z,a2,0.130,2025-12-03T10:56:00.316840Z,2025-12-03T10:56:00.446529Z
2025-12-03T10:56:03.114100Z,a2,0.130,2025-12-03T10:56:02.984434Z,2025-12-03T10:56:03.114100Z
2025-12-03T10:56:04.585990Z,a2,0.136,2025-12-03T10:56:04.450165Z,2025-12-03T10:56:04.585990Z
2025-12-03T10:56:05.651692Z,a2,0.264,2025-12-03T10:56:05.387613Z,2025-12-03T10:56:05.651692Z
2025-12-03T10:56:07.721735Z,a2,0.138,2025-12-03T10:56:07.583387Z,2025-12-03T10:56:07.721735Z
2025-12-03T10:56:08.120680Z,a2,0.138,2025-12-03T10:56:07.982338Z,2025-12-03T10:56:08.120680Z
2025-12-03T10:56:08.553524Z,a2,0.136,2025-12-03T10:56:08.417193Z,2025-12-03T10:56:08.553524Z
2025-12-03T10:56:08.945953Z,b1,10.493,2025-12-03T10:55:58.453000Z,2025-12-03T10:56:08.945953Z
2025-12-03T10:56:09.217791Z,a1,0.138,2025-12-03T10:56:09.079572Z,2025-12-03T10:56:09.217791Z
2025-12-03T10:56:09.484019Z,a2,0.671,2025-12-03T10:56:08.812731Z,2025-12-03T10:56:09.484019Z
2025-12-03T10:56:12.051372Z,b1,2.833,2025-12-03T10:56:09.218164Z,2025-12-03T10:56:12.051372Z
2025-12-03T10:56:13.244833Z,a2,1.066,2025-12-03T10:56:12.178817Z,2025-12-03T10:56:13.244833Z
2025-12-03T10:56:14.983206Z,b1,1.465,2025-12-03T10:56:13.518018Z,2025-12-03T10:56:14.983206Z
2025-12-03T10:56:17.585780Z,a2,2.472,2025-12-03T10:56:15.113970Z,2025-12-03T10:56:17.585780Z
2025-12-03T10:56:19.362989Z,b1,1.642,2025-12-03T10:56:17.720575Z,2025-12-03T10:56:19.362989Z
2025-12-03T10:56:20.852127Z,a2,1.489,2025-12-03T10:56:19.363239Z,2025-12-03T10:56:20.852127Z
2025-12-03T10:56:21.119019Z,a2,0.135,2025-12-03T10:56:20.983615Z,2025-12-03T10:56:21.119019Z
2025-12-03T10:56:25.053646Z,b1,1.902,2025-12-03T10:56:23.151276Z,2025-12-03T10:56:25.053646Z
2025-12-03T10:56:26.584272Z,b1,0.699,2025-12-03T10:56:25.885001Z,2025-12-03T10:56:26.584272Z
2025-12-03T10:56:32.984094Z,b2,0.399,2025-12-03T10:56:32.585324Z,2025-12-03T10:56:32.984094Z
2025-12-03T10:56:56.461293Z,a2,29.609,2025-12-03T10:56:26.852570Z,2025-12-03T10:56:56.461293Z
2025-12-03T10:56:56.461543Z,b2,23.206,2025-12-03T10:56:33.255465Z,2025-12-03T10:56:56.461543Z
2025-12-03T10:56:58.020120Z,a1,0.131,2025-12-03T10:56:57.889201Z,2025-12-03T10:56:58.020120Z
2025-12-03T10:58:23.197579Z,b2,85.615,2025-12-03T10:56:57.582778Z,2025-12-03T10:58:23.197579Z
2025-12-03T10:58:26.703372Z,b2,2.179,2025-12-03T10:58:24.524710Z,2025-12-03T10:58:26.703372Z
2025-12-03T10:58:27.491562Z,b2,0.656,2025-12-03T10:58:26.835227Z,2025-12-03T10:58:27.491562Z
2025-12-03T10:58:27.898093Z,b2,0.130,2025-12-03T10:58:27.768405Z,2025-12-03T10:58:27.898093Z
2025-12-03T10:58:33.180183Z,b2,5.145,2025-12-03T10:58:28.035164Z,2025-12-03T10:58:33.180183Z
2025-12-03T11:25:51.810909Z,a1,0.073,2025-12-03T11:25:51.738169Z,2025-12-03T11:25:51.810909Z
2025-12-03T11:25:52.484277Z,a1,0.418,2025-12-03T11:25:52.066733Z,2025-12-03T11:25:52.484277Z
2025-12-03T11:25:58.022952Z,b1,0.168,2025-12-03T11:25:57.854558Z,2025-12-03T11:25:58.022952Z
2025-12-03T11:25:59.028364Z,b1,0.087,2025-12-03T11:25:58.941652Z,2025-12-03T11:25:59.028364Z
2025-12-03T11:26:01.984343Z,b1,2.874,2025-12-03T11:25:59.110228Z,2025-12-03T11:26:01.984343Z
2025-12-03T11:26:02.150724Z,b1,0.080,2025-12-03T11:26:02.071140Z,2025-12-03T11:26:02.150724Z
2025-12-03T11:26:02.895851Z,b1,0.327,2025-12-03T11:26:02.568366Z,2025-12-03T11:26:02.895851Z
2025-12-03T11:26:03.566996Z,b1,0.087,2025-12-03T11:26:03.479534Z,2025-12-03T11:26:03.566996Z
2025-12-03T11:26:04.075699Z,b1,0.090,2025-12-03T11:26:03.985282Z,2025-12-03T11:26:04.075699Z
2025-12-03T11:26:05.313709Z,b1,1.074,2025-12-03T11:26:04.239922Z,2025-12-03T11:26:05.313709Z
2025-12-03T11:26:05.895557Z,b1,0.500,2025-12-03T11:26:05.396052Z,2025-12-03T11:26:05.895557Z
2025-12-03T11:26:06.064334Z,b1,0.083,2025-12-03T11:26:05.981080Z,2025-12-03T11:26:06.064334Z
2025-12-03T11:26:06.227869Z,b1,0.078,2025-12-03T11:26:06.149667Z,2025-12-03T11:26:06.227869Z
2025-12-03T11:26:06.397505Z,b1,0.084,2025-12-03T11:26:06.313445Z,2025-12-03T11:26:06.397505Z
2025-12-03T11:26:08.891966Z,b1,0.243,2025-12-03T11:26:08.649233Z,2025-12-03T11:26:08.891966Z
2025-12-03T11:26:14.162474Z,b1,3.844,2025-12-03T11:26:10.318240Z,2025-12-03T11:26:14.162474Z
2025-12-03T11:26:14.898073Z,b1,0.662,2025-12-03T11:26:14.235791Z,2025-12-03T11:26:14.898073Z
2025-12-03T11:26:15.259718Z,b1,0.271,2025-12-03T11:26:14.989056Z,2025-12-03T11:26:15.259718Z
2025-12-03T11:26:15.789920Z,b1,0.421,2025-12-03T11:26:15.368800Z,2025-12-03T11:26:15.789920Z
2025-12-03T11:26:16.320906Z,b1,0.088,2025-12-03T11:26:16.232869Z,2025-12-03T11:26:16.320906Z
2025-12-03T11:26:16.555436Z,b1,0.080,2025-12-03T11:26:16.475477Z,2025-12-03T11:26:16.555436Z
2025-12-03T11:28:11.240017Z,b1,0.988,2025-12-03T11:28:10.251856Z,2025-12-03T11:28:11.240017Z
2025-12-03T11:30:13.873455Z,b1,116.272,2025-12-03T11:28:17.601791Z,2025-12-03T11:30:13.873455Z
2025-12-03T11:30:24.194977Z,b1,7.058,2025-12-03T11:30:17.136667Z,2025-12-03T11:30:24.194977Z
2025-12-03T11:32:28.580927Z,b1,1.007,2025-12-03T11:32:27.573435Z,2025-12-03T11:32:28.580927Z
2025-12-03T11:32:30.172110Z,b1,1.497,2025-12-03T11:32:28.674794Z,2025-12-03T11:32:30.172110Z
2025-12-03T11:32:47.166712Z,b1,1.394,2025-12-03T11:32:45.773134Z,2025-12-03T11:32:47.166712Z
2025-12-03T11:32:56.880999Z,b1,9.615,2025-12-03T11:32:47.265708Z,2025-12-03T11:32:56.880999Z
2025-12-03T11:41:55.581175Z,b1,480.360,2025-12-03T11:33:55.221069Z,2025-12-03T11:41:55.581175Z
2025-12-03T11:42:04.420408Z,a1,0.149,2025-12-03T11:42:04.271823Z,2025-12-03T11:42:04.420408Z
2025-12-03T11:42:04.545506Z,b2,0.334,2025-12-03T11:42:04.211482Z,2025-12-03T11:42:04.545506Z
2025-12-03T11:42:04.677723Z,a2,0.466,2025-12-03T11:42:04.211442Z,2025-12-03T11:42:04.677723Z
2025-12-03T11:42:04.811166Z,a1,0.066,2025-12-03T11:42:04.745191Z,2025-12-03T11:42:04.811166Z
2025-12-03T11:46:15.238054Z,a1,0.103,2025-12-03T11:46:15.134677Z,2025-12-03T11:46:15.238054Z
2025-12-03T11:46:16.037283Z,b1,59.919,2025-12-03T11:45:16.118621Z,2025-12-03T11:46:16.037283Z
2025-12-04T13:55:38.468686Z,b1,0.196,2025-12-04T13:55:38.272586Z,2025-12-04T13:55:38.468686Z
2025-12-04T13:55:38.613167Z,a2,0.421,2025-12-04T13:55:38.192628Z,2025-12-04T13:55:38.613167Z
2025-12-04T13:55:38.705686Z,b2,0.513,2025-12-04T13:55:38.192753Z,2025-12-04T13:55:38.705686Z
2025-12-04T13:55:38.908279Z,a2,0.071,2025-12-04T13:55:38.837523Z,2025-12-04T13:55:38.908279Z
2025-12-04T13:55:39.170152Z,b2,0.333,2025-12-04T13:55:38.837561Z,2025-12-04T13:55:39.170152Z
2025-12-04T13:55:40.902611Z,a1,2.630,2025-12-04T13:55:38.272529Z,2025-12-04T13:55:40.902611Z
2025-12-04T13:55:43.080309Z,b1,3.508,2025-12-04T13:55:39.572552Z,2025-12-04T13:55:43.080309Z
2025-12-04T13:55:43.801791Z,a1,1.923,2025-12-04T13:55:41.878627Z,2025-12-04T13:55:43.801791Z
2025-12-04T13:55:44.108338Z,a2,5.137,2025-12-04T13:55:38.971006Z,2025-12-04T13:55:44.108338Z
2025-12-04T13:55:44.407983Z,b1,0.300,2025-12-04T13:55:44.108300Z,2025-12-04T13:55:44.407983Z
2025-12-04T13:55:45.035332Z,b1,0.099,2025-12-04T13:55:44.936471Z,2025-12-04T13:55:45.035332Z
2025-12-04T13:55:45.548040Z,b2,0.314,2025-12-04T13:55:45.234144Z,2025-12-04T13:55:45.548040Z
2025-12-04T13:55:45.735415Z,a1,0.393,2025-12-04T13:55:45.342374Z,2025-12-04T13:55:45.735415Z
2025-12-04T13:55:46.432401Z,b1,0.102,2025-12-04T13:55:46.330771Z,2025-12-04T13:55:46.432401Z
2025-12-04T13:55:48.233762Z,b2,0.703,2025-12-04T13:55:47.531053Z,2025-12-04T13:55:48.233762Z
2025-12-04T13:55:48.536198Z,b2,0.103,2025-12-04T13:55:48.432731Z,2025-12-04T13:55:48.536198Z
2025-12-04T13:55:50.298531Z,b1,0.094,2025-12-04T13:55:50.204194Z,2025-12-04T13:55:50.298531Z
2025-12-04T13:55:50.298804Z,a2,0.197,2025-12-04T13:55:50.101738Z,2025-12-04T13:55:50.298804Z
2025-12-04T13:55:50.703579Z,b1,0.101,2025-12-04T13:55:50.602504Z,2025-12-04T13:55:50.703579Z
2025-12-04T13:55:50.905011Z,b1,0.101,2025-12-04T13:55:50.803600Z,2025-12-04T13:55:50.905011Z
2025-12-04T13:55:51.091031Z,a1,0.083,2025-12-04T13:55:51.007693Z,2025-12-04T13:55:51.091031Z
2025-12-04T13:55:51.197427Z,a2,0.780,2025-12-04T13:55:50.417751Z,2025-12-04T13:55:51.197427Z
2025-12-04T13:55:53.198575Z,b1,0.501,2025-12-04T13:55:52.697457Z,2025-12-04T13:55:53.198575Z
2025-12-04T13:55:53.198830Z,a2,0.403,2025-12-04T13:55:52.795800Z,2025-12-04T13:55:53.198830Z
2025-12-04T13:55:53.718359Z,a2,0.116,2025-12-04T13:55:53.602500Z,2025-12-04T13:55:53.718359Z
2025-12-04T13:55:53.901995Z,a2,0.101,2025-12-04T13:55:53.801152Z,2025-12-04T13:55:53.901995Z
2025-12-04T13:55:56.144396Z,b2,0.206,2025-12-04T13:55:55.938302Z,2025-12-04T13:55:56.144396Z
2025-12-04T13:55:58.507250Z,a2,0.088,2025-12-04T13:55:58.419699Z,2025-12-04T13:55:58.507250Z
2025-12-04T13:55:59.106578Z,a2,0.308,2025-12-04T13:55:58.799023Z,2025-12-04T13:55:59.106578Z
2025-12-04T13:55:59.198350Z,b1,0.092,2025-12-04T13:55:59.106541Z,2025-12-04T13:55:59.198350Z
2025-12-04T13:55:59.505836Z,b1,0.097,2025-12-04T13:55:59.408454Z,2025-12-04T13:55:59.505836Z
2025-12-04T13:56:04.069973Z,a2,4.770,2025-12-04T13:55:59.299577Z,2025-12-04T13:56:04.069973Z
2025-12-04T13:56:04.166166Z,b2,0.202,2025-12-04T13:56:03.964249Z,2025-12-04T13:56:04.166166Z
2025-12-04T13:56:05.370254Z,a2,0.498,2025-12-04T13:56:04.872485Z,2025-12-04T13:56:05.370254Z
2025-12-04T13:56:07.767549Z,b2,0.104,2025-12-04T13:56:07.663880Z,2025-12-04T13:56:07.767549Z
2025-12-04T13:56:08.382296Z,b1,0.213,2025-12-04T13:56:08.169739Z,2025-12-04T13:56:08.382296Z
2025-12-04T13:56:08.785521Z,a1,0.105,2025-12-04T13:56:08.680709Z,2025-12-04T13:56:08.785521Z
2025-12-04T13:56:09.167612Z,a1,0.195,2025-12-04T13:56:08.972436Z,2025-12-04T13:56:09.167612Z
2025-12-04T13:56:09.167882Z,b1,0.696,2025-12-04T13:56:08.472045Z,2025-12-04T13:56:09.167882Z
2025-12-04T13:56:09.768951Z,b1,0.499,2025-12-04T13:56:09.270185Z,2025-12-04T13:56:09.768951Z
2025-12-04T13:57:47.772131Z,a2,0.382,2025-12-04T13:57:47.390370Z,2025-12-04T13:57:47.772131Z
2025-12-04T13:57:48.171311Z,a2,0.300,2025-12-04T13:57:47.871464Z,2025-12-04T13:57:48.171311Z
2025-12-04T13:57:48.574255Z,a2,0.106,2025-12-04T13:57:48.468168Z,2025-12-04T13:57:48.574255Z
2025-12-04T13:57:48.669166Z,b1,0.095,2025-12-04T13:57:48.574217Z,2025-12-04T13:57:48.669166Z
2025-12-04T13:57:49.072426Z,a2,0.403,2025-12-04T13:57:48.669407Z,2025-12-04T13:57:49.072426Z
2025-12-04T13:57:49.386668Z,b1,0.117,2025-12-04T13:57:49.269233Z,2025-12-04T13:57:49.386668Z
2025-12-04T13:57:49.685960Z,b1,0.099,2025-12-04T13:57:49.586963Z,2025-12-04T13:57:49.685960Z
2025-12-04T13:57:49.686171Z,a2,0.417,2025-12-04T13:57:49.269269Z,2025-12-04T13:57:49.686171Z
2025-12-04T14:02:52.852992Z,a1,0.117,2025-12-04T14:02:52.735753Z,2025-12-04T14:02:52.852992Z
2025-12-04T14:02:52.853907Z,a2,0.118,2025-12-04T14:02:52.735843Z,2025-12-04T14:02:52.853907Z
2025-12-04T14:02:59.067502Z,a2,0.199,2025-12-04T14:02:58.868317Z,2025-12-04T14:02:59.067502Z
2025-12-04T14:02:59.262416Z,a2,0.100,2025-12-04T14:02:59.161993Z,2025-12-04T14:02:59.262416Z
2025-12-04T14:03:00.900474Z,a2,0.098,2025-12-04T14:03:00.801989Z,2025-12-04T14:03:00.900474Z
2025-12-04T14:03:01.503773Z,a2,0.089,2025-12-04T14:03:01.414697Z,2025-12-04T14:03:01.503773Z
2025-12-04T14:03:01.800689Z,a2,0.102,2025-12-04T14:03:01.698998Z,2025-12-04T14:03:01.800689Z
2025-12-04T14:03:02.343021Z,a1,1.443,2025-12-04T14:03:00.900382Z,2025-12-04T14:03:02.343021Z
2025-12-04T14:03:02.343249Z,b1,2.679,2025-12-04T14:02:59.664685Z,2025-12-04T14:03:02.343249Z
2025-12-04T14:03:02.343369Z,b2,2.679,2025-12-04T14:02:59.664755Z,2025-12-04T14:03:02.343369Z
2025-12-04T14:03:08.510112Z,a2,0.602,2025-12-04T14:03:07.908294Z,2025-12-04T14:03:08.510112Z
2025-12-04T14:03:08.707123Z,a1,0.892,2025-12-04T14:03:07.815010Z,2025-12-04T14:03:08.707123Z
2025-12-04T14:03:08.808366Z,b1,0.993,2025-12-04T14:03:07.815069Z,2025-12-04T14:03:08.808366Z
2025-12-04T14:03:08.808734Z,b2,0.900,2025-12-04T14:03:07.908372Z,2025-12-04T14:03:08.808734Z
2025-12-04T14:03:09.007185Z,b1,0.100,2025-12-04T14:03:08.906999Z,2025-12-04T14:03:09.007185Z
2025-12-04T14:03:09.007451Z,b2,0.100,2025-12-04T14:03:08.907070Z,2025-12-04T14:03:09.007451Z
2025-12-04T14:03:10.114490Z,b1,0.200,2025-12-04T14:03:09.914595Z,2025-12-04T14:03:10.114490Z
2025-12-04T14:03:10.114777Z,b2,0.102,2025-12-04T14:03:10.013034Z,2025-12-04T14:03:10.114777Z
2025-12-04T14:03:10.212938Z,a2,0.298,2025-12-04T14:03:09.914634Z,2025-12-04T14:03:10.212938Z
2025-12-04T14:03:12.613239Z,a2,0.402,2025-12-04T14:03:12.210863Z,2025-12-04T14:03:12.613239Z
2025-12-04T14:03:13.095533Z,b2,0.785,2025-12-04T14:03:12.310709Z,2025-12-04T14:03:13.095533Z
2025-12-04T14:03:13.176833Z,a2,0.367,2025-12-04T14:03:12.809521Z,2025-12-04T14:03:13.176833Z
2025-12-04T14:03:13.384404Z,b1,0.105,2025-12-04T14:03:13.279552Z,2025-12-04T14:03:13.384404Z
2025-12-04T14:03:13.880648Z,a2,0.601,2025-12-04T14:03:13.279589Z,2025-12-04T14:03:13.880648Z
2025-12-04T14:03:13.880894Z,b2,0.601,2025-12-04T14:03:13.279625Z,2025-12-04T14:03:13.880894Z
2025-12-04T14:03:14.884083Z,a1,1.405,2025-12-04T14:03:13.478768Z,2025-12-04T14:03:14.884083Z
2025-12-04T14:03:14.884375Z,b1,1.201,2025-12-04T14:03:13.683343Z,2025-12-04T14:03:14.884375Z
2025-12-04T14:03:14.884529Z,a2,0.900,2025-12-04T14:03:13.984422Z,2025-12-04T14:03:14.884529Z
2025-12-04T14:03:14.884607Z,b2,0.900,2025-12-04T14:03:13.984459Z,2025-12-04T14:03:14.884607Z
2025-12-04T14:03:15.245287Z,b1,0.098,2025-12-04T14:03:15.147341Z,2025-12-04T14:03:15.245287Z
2025-12-04T14:03:15.348680Z,a2,0.103,2025-12-04T14:03:15.245639Z,2025-12-04T14:03:15.348680Z
2025-12-04T14:03:16.541173Z,b1,0.097,2025-12-04T14:03:16.444090Z,2025-12-04T14:03:16.541173Z
2025-12-04T14:03:16.946517Z,b1,0.160,2025-12-04T14:03:16.786526Z,2025-12-04T14:03:16.946517Z
2025-12-04T14:03:21.617678Z,a2,0.089,2025-12-04T14:03:21.528971Z,2025-12-04T14:03:21.617678Z
2025-12-04T14:03:22.118245Z,b1,0.297,2025-12-04T14:03:21.821609Z,2025-12-04T14:03:22.118245Z
2025-12-04T14:03:22.424209Z,a2,0.502,2025-12-04T14:03:21.921717Z,2025-12-04T14:03:22.424209Z
2025-12-04T14:03:26.065061Z,b1,0.100,2025-12-04T14:03:25.964843Z,2025-12-04T14:03:26.065061Z
2025-12-04T14:03:26.684349Z,b1,0.094,2025-12-04T14:03:26.589859Z,2025-12-04T14:03:26.684349Z
2025-12-04T14:03:26.885949Z,b1,0.102,2025-12-04T14:03:26.783575Z,2025-12-04T14:03:26.885949Z
2025-12-04T14:03:26.886196Z,a2,0.714,2025-12-04T14:03:26.172037Z,2025-12-04T14:03:26.886196Z
2025-12-04T14:03:30.684310Z,a2,0.198,2025-12-04T14:03:30.486162Z,2025-12-04T14:03:30.684310Z
2025-12-04T14:03:30.884187Z,a2,0.101,2025-12-04T14:03:30.783440Z,2025-12-04T14:03:30.884187Z
2025-12-04T14:03:31.484297Z,a2,0.298,2025-12-04T14:03:31.185817Z,2025-12-04T14:03:31.484297Z
2025-12-04T14:03:31.783692Z,a2,0.095,2025-12-04T14:03:31.689094Z,2025-12-04T14:03:31.783692Z
2025-12-04T14:03:32.316062Z,a2,0.402,2025-12-04T14:03:31.914078Z,2025-12-04T14:03:32.316062Z
2025-12-04T14:03:32.915938Z,a2,0.102,2025-12-04T14:03:32.813614Z,2025-12-04T14:03:32.915938Z
2025-12-04T14:03:33.124852Z,a2,0.110,2025-12-04T14:03:33.014774Z,2025-12-04T14:03:33.124852Z
2025-12-04T14:03:34.145804Z,a1,6.739,2025-12-04T14:03:27.407108Z,2025-12-04T14:03:34.145804Z
2025-12-04T14:03:34.146124Z,b1,6.659,2025-12-04T14:03:27.487566Z,2025-12-04T14:03:34.146124Z
2025-12-04T14:03:34.146341Z,b2,6.659,2025-12-04T14:03:27.487641Z,2025-12-04T14:03:34.146341Z
2025-12-04T14:03:42.080412Z,b2,0.501,2025-12-04T14:03:41.579594Z,2025-12-04T14:03:42.080412Z
2025-12-04T14:03:42.978383Z,a2,0.796,2025-12-04T14:03:42.182261Z,2025-12-04T14:03:42.978383Z
2025-12-04T14:03:43.104425Z,a1,0.126,2025-12-04T14:03:42.978281Z,2025-12-04T14:03:43.104425Z
2025-12-04T14:03:43.283009Z,a2,0.178,2025-12-04T14:03:43.104690Z,2025-12-04T14:03:43.283009Z
2025-12-04T14:03:43.580256Z,a2,0.101,2025-12-04T14:03:43.479489Z,2025-12-04T14:03:43.580256Z
2025-12-04T14:03:45.183636Z,a2,0.388,2025-12-04T14:03:44.795445Z,2025-12-04T14:03:45.183636Z
2025-12-04T14:03:46.399575Z,a2,1.102,2025-12-04T14:03:45.297997Z,2025-12-04T14:03:46.399575Z
2025-12-04T14:03:46.780736Z,b2,4.598,2025-12-04T14:03:42.182298Z,2025-12-04T14:03:46.780736Z
2025-12-04T14:03:47.275787Z,b1,0.096,2025-12-04T14:03:47.179661Z,2025-12-04T14:03:47.275787Z
2025-12-04T14:03:48.449141Z,a1,0.526,2025-12-04T14:03:47.923293Z,2025-12-04T14:03:48.449141Z
2025-12-04T14:03:48.449404Z,b1,0.605,2025-12-04T14:03:47.844467Z,2025-12-04T14:03:48.449404Z
2025-12-04T14:03:48.449592Z,a2,0.232,2025-12-04T14:03:48.217267Z,2025-12-04T14:03:48.449592Z
2025-12-04T14:03:48.449707Z,b2,0.428,2025-12-04T14:03:48.022125Z,2025-12-04T14:03:48.449707Z
2025-12-04T14:03:52.235825Z,b1,0.829,2025-12-04T14:03:51.407102Z,2025-12-04T14:03:52.235825Z
2025-12-04T14:03:52.236060Z,a2,0.829,2025-12-04T14:03:51.407137Z,2025-12-04T14:03:52.236060Z
2025-12-04T14:03:52.236248Z,b2,0.829,2025-12-04T14:03:51.407175Z,2025-12-04T14:03:52.236248Z
2025-12-09T09:26:34.644433Z,b1,0.066,2025-12-09T09:26:34.578472Z,2025-12-09T09:26:34.644433Z
2025-12-09T09:26:35.573484Z,a1,0.170,2025-12-09T09:26:35.403679Z,2025-12-09T09:26:35.573484Z
2025-12-09T09:26:36.133571Z,b1,0.064,2025-12-09T09:26:36.069363Z,2025-12-09T09:26:36.133571Z
2025-12-09T09:26:37.044772Z,b1,0.198,2025-12-09T09:26:36.846941Z,2025-12-09T09:26:37.044772Z
2025-12-09T09:26:37.673927Z,b1,0.075,2025-12-09T09:26:37.599256Z,2025-12-09T09:26:37.673927Z
2025-12-09T09:26:38.530383Z,a2,3.381,2025-12-09T09:26:35.149164Z,2025-12-09T09:26:38.530383Z
2025-12-09T09:26:38.920096Z,a2,0.071,2025-12-09T09:26:38.848995Z,2025-12-09T09:26:38.920096Z
2025-12-09T09:26:39.020346Z,a1,0.245,2025-12-09T09:26:38.775374Z,2025-12-09T09:26:39.020346Z
2025-12-09T09:26:41.698724Z,a1,0.546,2025-12-09T09:26:41.153010Z,2025-12-09T09:26:41.698724Z
2025-12-09T09:26:41.819668Z,a2,0.870,2025-12-09T09:26:40.949702Z,2025-12-09T09:26:41.819668Z
2025-12-09T09:26:42.281426Z,a1,0.134,2025-12-09T09:26:42.146955Z,2025-12-09T09:26:42.281426Z
2025-12-09T09:26:44.165839Z,a2,0.516,2025-12-09T09:26:43.649880Z,2025-12-09T09:26:44.165839Z
2025-12-09T09:26:46.914605Z,a2,0.069,2025-12-09T09:26:46.845566Z,2025-12-09T09:26:46.914605Z
2025-12-09T09:26:51.242756Z,a1,0.092,2025-12-09T09:26:51.150830Z,2025-12-09T09:26:51.242756Z
2025-12-09T09:26:51.243035Z,b1,0.092,2025-12-09T09:26:51.150879Z,2025-12-09T09:26:51.243035Z
2025-12-09T09:26:54.878899Z,b2,0.137,2025-12-09T09:26:54.742322Z,2025-12-09T09:26:54.878899Z
2025-12-09T09:26:55.211009Z,b2,0.069,2025-12-09T09:26:55.142266Z,2025-12-09T09:26:55.211009Z
2025-12-09T09:26:55.742723Z,b2,0.066,2025-12-09T09:26:55.677175Z,2025-12-09T09:26:55.742723Z
2025-12-09T09:26:59.873468Z,b2,3.997,2025-12-09T09:26:55.876464Z,2025-12-09T09:26:59.873468Z
2025-12-09T09:27:05.115307Z,a2,0.192,2025-12-09T09:27:04.923032Z,2025-12-09T09:27:05.115307Z
2025-12-09T09:27:05.115564Z,b2,4.869,2025-12-09T09:27:00.246446Z,2025-12-09T09:27:05.115564Z
2025-12-09T09:27:05.419397Z,a1,0.304,2025-12-09T09:27:05.115215Z,2025-12-09T09:27:05.419397Z
2025-12-09T09:27:09.221088Z,b1,0.100,2025-12-09T09:27:09.121346Z,2025-12-09T09:27:09.221088Z
2025-12-09T09:27:10.120499Z,b1,0.407,2025-12-09T09:27:09.713570Z,2025-12-09T09:27:10.120499Z
2025-12-09T09:27:11.182691Z,b1,0.100,2025-12-09T09:27:11.083162Z,2025-12-09T09:27:11.182691Z
2025-12-09T09:27:11.687438Z,b1,0.203,2025-12-09T09:27:11.484879Z,2025-12-09T09:27:11.687438Z
2025-12-09T09:27:12.186826Z,b1,0.103,2025-12-09T09:27:12.084108Z,2025-12-09T09:27:12.186826Z
2025-12-09T09:27:12.586913Z,b1,0.204,2025-12-09T09:27:12.382477Z,2025-12-09T09:27:12.586913Z
2025-12-09T09:27:12.885998Z,a1,6.736,2025-12-09T09:27:06.150322Z,2025-12-09T09:27:12.885998Z
2025-12-09T09:27:13.394891Z,b1,0.509,2025-12-09T09:27:12.886251Z,2025-12-09T09:27:13.394891Z
2025-12-09T09:27:13.487523Z,a1,0.093,2025-12-09T09:27:13.394835Z,2025-12-09T09:27:13.487523Z
2025-12-09T09:27:13.582252Z,a2,8.163,2025-12-09T09:27:05.419687Z,2025-12-09T09:27:13.582252Z
2025-12-09T09:27:14.248025Z,a2,0.095,2025-12-09T09:27:14.152532Z,2025-12-09T09:27:14.248025Z
2025-12-09T09:27:15.216111Z,a2,0.100,2025-12-09T09:27:15.115948Z,2025-12-09T09:27:15.216111Z
2025-12-09T09:27:17.817131Z,a2,2.498,2025-12-09T09:27:15.318940Z,2025-12-09T09:27:17.817131Z
2025-12-09T09:27:20.616389Z,b1,0.468,2025-12-09T09:27:20.148071Z,2025-12-09T09:27:20.616389Z
2025-12-09T09:27:21.116893Z,b1,0.295,2025-12-09T09:27:20.821490Z,2025-12-09T09:27:21.116893Z
2025-12-09T09:27:21.715183Z,b1,0.091,2025-12-09T09:27:21.624544Z,2025-12-09T09:27:21.715183Z
2025-12-09T09:27:22.154644Z,b1,0.090,2025-12-09T09:27:22.064770Z,2025-12-09T09:27:22.154644Z
2025-12-09T09:27:23.250368Z,b1,0.099,2025-12-09T09:27:23.151132Z,2025-12-09T09:27:23.250368Z
2025-12-09T09:27:23.548816Z,a2,5.628,2025-12-09T09:27:17.920994Z,2025-12-09T09:27:23.548816Z
2025-12-09T09:27:25.147884Z,a2,1.393,2025-12-09T09:27:23.754592Z,2025-12-09T09:27:25.147884Z
2025-12-09T09:27:25.248294Z,b1,0.100,2025-12-09T09:27:25.147847Z,2025-12-09T09:27:25.248294Z
2025-12-09T09:27:25.516296Z,b1,0.099,2025-12-09T09:27:25.416903Z,2025-12-09T09:27:25.516296Z
2025-12-09T09:27:25.713239Z,a2,0.097,2025-12-09T09:27:25.615997Z,2025-12-09T09:27:25.713239Z
2025-12-09T09:27:26.017050Z,a2,0.105,2025-12-09T09:27:25.911990Z,2025-12-09T09:27:26.017050Z
2025-12-09T09:27:26.410843Z,a2,0.296,2025-12-09T09:27:26.114637Z,2025-12-09T09:27:26.410843Z
2025-12-09T09:27:26.780173Z,a2,0.100,2025-12-09T09:27:26.680355Z,2025-12-09T09:27:26.780173Z
2025-12-09T09:27:27.382318Z,b2,0.390,2025-12-09T09:27:26.991964Z,2025-12-09T09:27:27.382318Z
2025-12-09T09:27:27.480862Z,b1,0.099,2025-12-09T09:27:27.382249Z,2025-12-09T09:27:27.480862Z
2025-12-09T09:27:27.716261Z,b2,0.071,2025-12-09T09:27:27.644820Z,2025-12-09T09:27:27.716261Z
2025-12-09T09:27:28.413895Z,a2,0.066,2025-12-09T09:27:28.347630Z,2025-12-09T09:27:28.413895Z
2025-12-09T09:27:43.109488Z,a2,0.265,2025-12-09T09:27:42.844692Z,2025-12-09T09:27:43.109488Z
2025-12-09T09:27:44.846597Z,a1,0.068,2025-12-09T09:27:44.778115Z,2025-12-09T09:27:44.846597Z
2025-12-09T09:27:53.242278Z,b2,0.066,2025-12-09T09:27:53.176260Z,2025-12-09T09:27:53.242278Z
2025-12-09T09:27:53.413069Z,b2,0.088,2025-12-09T09:27:53.325287Z,2025-12-09T09:27:53.413069Z
2025-12-09T09:27:53.810605Z,b1,0.133,2025-12-09T09:27:53.677184Z,2025-12-09T09:27:53.810605Z
2025-12-09T09:27:54.044347Z,a2,0.300,2025-12-09T09:27:53.743952Z,2025-12-09T09:27:54.044347Z
2025-12-09T09:27:54.044584Z,b2,0.367,2025-12-09T09:27:53.677330Z,2025-12-09T09:27:54.044584Z
2025-12-09T09:27:54.175727Z,a2,0.067,2025-12-09T09:27:54.108918Z,2025-12-09T09:27:54.175727Z
2025-12-09T09:27:54.707771Z,a2,0.464,2025-12-09T09:27:54.243438Z,2025-12-09T09:27:54.707771Z
2025-12-09T09:27:54.933931Z,a2,0.156,2025-12-09T09:27:54.777922Z,2025-12-09T09:27:54.933931Z
2025-12-09T09:27:55.608759Z,a2,0.365,2025-12-09T09:27:55.243858Z,2025-12-09T09:27:55.608759Z
2025-12-09T09:27:56.142449Z,b2,2.033,2025-12-09T09:27:54.108957Z,2025-12-09T09:27:56.142449Z
2025-12-09T09:27:56.277679Z,b2,0.068,2025-12-09T09:27:56.209937Z,2025-12-09T09:27:56.277679Z
2025-12-09T09:27:56.680444Z,a2,0.902,2025-12-09T09:27:55.778598Z,2025-12-09T09:27:56.680444Z
2025-12-09T09:27:57.208288Z,b2,0.797,2025-12-09T09:27:56.411668Z,2025-12-09T09:27:57.208288Z
2025-12-09T09:27:58.479602Z,b2,0.737,2025-12-09T09:27:57.742344Z,2025-12-09T09:27:58.479602Z
2025-12-09T09:27:59.873968Z,b2,0.731,2025-12-09T09:27:59.142961Z,2025-12-09T09:27:59.873968Z
2025-12-09T09:28:03.508819Z,a2,6.635,2025-12-09T09:27:56.873665Z,2025-12-09T09:28:03.508819Z
2025-12-09T09:28:03.644424Z,a2,0.069,2025-12-09T09:28:03.575812Z,2025-12-09T09:28:03.644424Z
2025-12-09T09:28:03.644671Z,b2,1.505,2025-12-09T09:28:02.139215Z,2025-12-09T09:28:03.644671Z
2025-12-09T09:28:03.809471Z,a2,0.099,2025-12-09T09:28:03.710640Z,2025-12-09T09:28:03.809471Z
2025-12-09T09:28:04.641591Z,b1,0.368,2025-12-09T09:28:04.273567Z,2025-12-09T09:28:04.641591Z
2025-12-09T09:28:04.641862Z,b2,0.764,2025-12-09T09:28:03.877497Z,2025-12-09T09:28:04.641862Z
2025-12-09T09:28:05.911012Z,b2,0.533,2025-12-09T09:28:05.377592Z,2025-12-09T09:28:05.911012Z
2025-12-09T09:28:06.345873Z,a2,0.259,2025-12-09T09:28:06.087198Z,2025-12-09T09:28:06.345873Z
2025-12-09T09:28:06.441333Z,b2,0.095,2025-12-09T09:28:06.346094Z,2025-12-09T09:28:06.441333Z
2025-12-09T09:28:06.742705Z,b1,1.166,2025-12-09T09:28:05.576826Z,2025-12-09T09:28:06.742705Z
2025-12-09T09:28:06.878245Z,a1,0.136,2025-12-09T09:28:06.742658Z,2025-12-09T09:28:06.878245Z
2025-12-09T09:28:06.878499Z,b1,0.069,2025-12-09T09:28:06.809225Z,2025-12-09T09:28:06.878499Z
2025-12-09T09:28:07.011999Z,a2,0.434,2025-12-09T09:28:06.577823Z,2025-12-09T09:28:07.011999Z
2025-12-09T09:28:07.414379Z,b1,0.339,2025-12-09T09:28:07.075803Z,2025-12-09T09:28:07.414379Z
2025-12-09T09:28:07.414717Z,a2,0.273,2025-12-09T09:28:07.141917Z,2025-12-09T09:28:07.414717Z
2025-12-09T09:28:07.414899Z,b2,0.904,2025-12-09T09:28:06.510650Z,2025-12-09T09:28:07.414899Z
2025-12-09T09:28:11.208315Z,b2,0.222,2025-12-09T09:28:10.986620Z,2025-12-09T09:28:11.208315Z
2025-12-09T09:28:12.246866Z,b1,0.369,2025-12-09T09:28:11.877829Z,2025-12-09T09:28:12.246866Z
2025-12-09T09:28:13.142933Z,b2,0.697,2025-12-09T09:28:12.445970Z,2025-12-09T09:28:13.142933Z
2025-12-09T09:28:13.578765Z,b2,0.098,2025-12-09T09:28:13.480758Z,2025-12-09T09:28:13.578765Z
2025-12-09T09:28:14.749695Z,a1,0.239,2025-12-09T09:28:14.510518Z,2025-12-09T09:28:14.749695Z
2025-12-09T09:28:15.276335Z,a2,0.361,2025-12-09T09:28:14.914977Z,2025-12-09T09:28:15.276335Z
2025-12-09T09:28:15.478266Z,b2,0.202,2025-12-09T09:28:15.276731Z,2025-12-09T09:28:15.478266Z
2025-12-09T09:28:17.679030Z,b2,0.098,2025-12-09T09:28:17.580779Z,2025-12-09T09:28:17.679030Z
2025-12-09T09:28:17.921077Z,b1,0.176,2025-12-09T09:28:17.745415Z,2025-12-09T09:28:17.921077Z
2025-12-09T09:28:18.183446Z,b2,0.169,2025-12-09T09:28:18.014887Z,2025-12-09T09:28:18.183446Z
2025-12-09T09:28:18.281036Z,a2,0.098,2025-12-09T09:28:18.183367Z,2025-12-09T09:28:18.281036Z
2025-12-09T09:28:19.996182Z,a2,0.552,2025-12-09T09:28:19.444500Z,2025-12-09T09:28:19.996182Z
2025-12-09T09:28:20.474519Z,b1,0.093,2025-12-09T09:28:20.381920Z,2025-12-09T09:28:20.474519Z
2025-12-09T09:28:21.182000Z,b2,0.101,2025-12-09T09:28:21.080714Z,2025-12-09T09:28:21.182000Z
2025-12-09T09:28:21.447025Z,a1,1.136,2025-12-09T09:28:20.311352Z,2025-12-09T09:28:21.447025Z
2025-12-09T09:28:21.710499Z,a1,0.099,2025-12-09T09:28:21.611496Z,2025-12-09T09:28:21.710499Z
2025-12-09T09:28:23.277427Z,b2,2.000,2025-12-09T09:28:21.276948Z,2025-12-09T09:28:23.277427Z
2025-12-09T09:28:23.444546Z,b1,1.436,2025-12-09T09:28:22.008280Z,2025-12-09T09:28:23.444546Z
2025-12-09T09:28:23.578341Z,b2,0.134,2025-12-09T09:28:23.444824Z,2025-12-09T09:28:23.578341Z
2025-12-09T09:28:23.648618Z,b1,0.138,2025-12-09T09:28:23.510907Z,2025-12-09T09:28:23.648618Z
2025-12-09T09:28:23.811015Z,b2,0.067,2025-12-09T09:28:23.744020Z,2025-12-09T09:28:23.811015Z
2025-12-09T09:28:24.144757Z,b1,0.401,2025-12-09T09:28:23.743947Z,2025-12-09T09:28:24.144757Z
2025-12-09T09:28:24.145013Z,b2,0.267,2025-12-09T09:28:23.877893Z,2025-12-09T09:28:24.145013Z
2025-12-09T09:28:24.381302Z,a1,0.082,2025-12-09T09:28:24.299571Z,2025-12-09T09:28:24.381302Z
2025-12-09T09:28:24.714218Z,b1,0.234,2025-12-09T09:28:24.479784Z,2025-12-09T09:28:24.714218Z
2025-12-09T09:28:25.030035Z,b1,0.244,2025-12-09T09:28:24.785878Z,2025-12-09T09:28:25.030035Z
2025-12-09T09:28:27.170147Z,b2,2.789,2025-12-09T09:28:24.381598Z,2025-12-09T09:28:27.170147Z
2025-12-09T09:28:27.470738Z,a1,2.991,2025-12-09T09:28:24.479676Z,2025-12-09T09:28:27.470738Z
2025-12-09T09:28:27.558268Z,b1,0.580,2025-12-09T09:28:26.977885Z,2025-12-09T09:28:27.558268Z
2025-12-09T09:28:27.558635Z,b2,0.201,2025-12-09T09:28:27.357596Z,2025-12-09T09:28:27.558635Z
2025-12-09T09:28:28.290216Z,a1,0.732,2025-12-09T09:28:27.558150Z,2025-12-09T09:28:28.290216Z
2025-12-09T09:28:28.290533Z,b2,0.634,2025-12-09T09:28:27.656530Z,2025-12-09T09:28:28.290533Z
2025-12-09T09:28:28.390569Z,b1,0.734,2025-12-09T09:28:27.656381Z,2025-12-09T09:28:28.390569Z
2025-12-09T09:28:28.604084Z,a2,0.110,2025-12-09T09:28:28.494392Z,2025-12-09T09:28:28.604084Z
2025-12-09T09:28:28.812878Z,a2,0.105,2025-12-09T09:28:28.708111Z,2025-12-09T09:28:28.812878Z
2025-12-09T09:28:29.013328Z,a1,0.519,2025-12-09T09:28:28.494298Z,2025-12-09T09:28:29.013328Z
2025-12-09T09:28:29.511792Z,b2,1.017,2025-12-09T09:28:28.494434Z,2025-12-09T09:28:29.511792Z
2025-12-09T09:28:29.693774Z,b1,0.083,2025-12-09T09:28:29.611051Z,2025-12-09T09:28:29.693774Z
2025-12-09T09:28:29.795177Z,a2,0.782,2025-12-09T09:28:29.013614Z,2025-12-09T09:28:29.795177Z
2025-12-09T09:28:30.100653Z,a1,0.306,2025-12-09T09:28:29.795081Z,2025-12-09T09:28:30.100653Z
2025-12-09T09:28:30.302125Z,b2,0.608,2025-12-09T09:28:29.694057Z,2025-12-09T09:28:30.302125Z
2025-12-09T09:28:30.803036Z,a1,0.100,2025-12-09T09:28:30.702994Z,2025-12-09T09:28:30.803036Z
2025-12-09T09:28:31.035035Z,b2,0.633,2025-12-09T09:28:30.402142Z,2025-12-09T09:28:31.035035Z
2025-12-09T09:28:32.905256Z,b1,0.121,2025-12-09T09:28:32.784697Z,2025-12-09T09:28:32.905256Z
2025-12-09T09:28:35.375368Z,a1,3.387,2025-12-09T09:28:31.988361Z,2025-12-09T09:28:35.375368Z
2025-12-09T09:28:35.375722Z,b2,3.387,2025-12-09T09:28:31.988473Z,2025-12-09T09:28:35.375722Z
2025-12-09T09:28:36.366668Z,a1,0.689,2025-12-09T09:28:35.677953Z,2025-12-09T09:28:36.366668Z
2025-12-09T09:28:36.366954Z,b2,0.356,2025-12-09T09:28:36.011250Z,2025-12-09T09:28:36.366954Z
2025-12-09T09:28:36.891206Z,a2,0.750,2025-12-09T09:28:36.140732Z,2025-12-09T09:28:36.891206Z
2025-12-09T09:28:37.222788Z,b2,0.562,2025-12-09T09:28:36.660414Z,2025-12-09T09:28:37.222788Z
2025-12-09T09:28:37.460066Z,b2,0.105,2025-12-09T09:28:37.355430Z,2025-12-09T09:28:37.460066Z
2025-12-09T09:28:37.571244Z,a2,0.436,2025-12-09T09:28:37.134910Z,2025-12-09T09:28:37.571244Z
2025-12-09T09:28:37.739057Z,a2,0.087,2025-12-09T09:28:37.652070Z,2025-12-09T09:28:37.739057Z
2025-12-09T09:28:37.926131Z,a2,0.100,2025-12-09T09:28:37.826350Z,2025-12-09T09:28:37.926131Z
2025-12-09T09:28:39.283016Z,b2,0.125,2025-12-09T09:28:39.157797Z,2025-12-09T09:28:39.283016Z
2025-12-09T09:28:39.652986Z,a2,0.075,2025-12-09T09:28:39.577603Z,2025-12-09T09:28:39.652986Z
2025-12-09T09:28:39.653218Z,b2,0.076,2025-12-09T09:28:39.577641Z,2025-12-09T09:28:39.653218Z
2025-12-09T09:28:39.756047Z,a1,0.398,2025-12-09T09:28:39.358254Z,2025-12-09T09:28:39.756047Z
2025-12-09T09:28:39.756264Z,b1,0.398,2025-12-09T09:28:39.358314Z,2025-12-09T09:28:39.756264Z
2025-12-09T09:28:40.117751Z,b1,0.131,2025-12-09T09:28:39.986750Z,2025-12-09T09:28:40.117751Z
2025-12-09T09:28:40.390929Z,b2,0.091,2025-12-09T09:28:40.299820Z,2025-12-09T09:28:40.390929Z
2025-12-09T09:28:40.925304Z,b1,0.115,2025-12-09T09:28:40.810189Z,2025-12-09T09:28:40.925304Z
2025-12-09T09:28:41.340600Z,a1,0.415,2025-12-09T09:28:40.925256Z,2025-12-09T09:28:41.340600Z
2025-12-09T09:28:41.540438Z,b2,0.838,2025-12-09T09:28:40.701990Z,2025-12-09T09:28:41.540438Z
2025-12-09T09:28:41.842836Z,a1,0.400,2025-12-09T09:28:41.442595Z,2025-12-09T09:28:41.842836Z
2025-12-09T09:28:42.377402Z,a1,0.397,2025-12-09T09:28:41.980848Z,2025-12-09T09:28:42.377402Z
2025-12-09T09:28:42.377661Z,b1,1.334,2025-12-09T09:28:41.043186Z,2025-12-09T09:28:42.377661Z
2025-12-09T09:28:42.377903Z,b2,0.535,2025-12-09T09:28:41.843176Z,2025-12-09T09:28:42.377903Z
2025-12-09T09:28:42.648037Z,a1,0.198,2025-12-09T09:28:42.450203Z,2025-12-09T09:28:42.648037Z
2025-12-09T09:28:42.751333Z,b1,0.301,2025-12-09T09:28:42.450258Z,2025-12-09T09:28:42.751333Z
2025-12-09T09:28:43.355286Z,a2,0.802,2025-12-09T09:28:42.552820Z,2025-12-09T09:28:43.355286Z
2025-12-09T09:28:43.456628Z,a1,0.101,2025-12-09T09:28:43.355205Z,2025-12-09T09:28:43.456628Z
2025-12-09T09:28:44.297160Z,a1,0.127,2025-12-09T09:28:44.170438Z,2025-12-09T09:28:44.297160Z
2025-12-09T09:28:44.638258Z,a2,0.094,2025-12-09T09:28:44.544334Z,2025-12-09T09:28:44.638258Z
2025-12-09T09:28:45.440898Z,a2,0.702,2025-12-09T09:28:44.738975Z,2025-12-09T09:28:45.440898Z
2025-12-09T09:28:45.632657Z,b2,2.780,2025-12-09T09:28:42.852551Z,2025-12-09T09:28:45.632657Z
2025-12-10T13:56:09.417291Z,b1,1.043,2025-12-10T13:56:08.373987Z,2025-12-10T13:56:09.417291Z
2025-12-10T13:56:09.814440Z,b1,0.099,2025-12-10T13:56:09.715258Z,2025-12-10T13:56:09.814440Z
2025-12-10T13:57:02.986244Z,a1,1.003,2025-12-10T13:57:01.983337Z,2025-12-10T13:57:02.986244Z
2025-12-10T13:57:04.895148Z,a2,1.400,2025-12-10T13:57:03.495594Z,2025-12-10T13:57:04.895148Z
2025-12-10T13:57:07.363268Z,a2,0.098,2025-12-10T13:57:07.265671Z,2025-12-10T13:57:07.363268Z
2025-12-10T13:57:07.760909Z,a2,0.082,2025-12-10T13:57:07.678907Z,2025-12-10T13:57:07.760909Z
2025-12-10T13:57:08.439731Z,a2,0.302,2025-12-10T13:57:08.137357Z,2025-12-10T13:57:08.439731Z
2025-12-10T13:57:08.737769Z,a2,0.093,2025-12-10T13:57:08.644764Z,2025-12-10T13:57:08.737769Z
2025-12-10T13:57:09.457790Z,a2,0.100,2025-12-10T13:57:09.357432Z,2025-12-10T13:57:09.457790Z
2025-12-10T13:57:09.756480Z,a1,0.178,2025-12-10T13:57:09.578007Z,2025-12-10T13:57:09.756480Z
2025-12-10T13:57:09.756796Z,a2,0.179,2025-12-10T13:57:09.578187Z,2025-12-10T13:57:09.756796Z
2025-12-10T13:57:10.112318Z,a1,0.066,2025-12-10T13:57:10.046375Z,2025-12-10T13:57:10.112318Z
2025-12-10T13:57:10.194804Z,a2,0.082,2025-12-10T13:57:10.112767Z,2025-12-10T13:57:10.194804Z
2025-12-10T13:57:12.255627Z,b2,0.241,2025-12-10T13:57:12.014240Z,2025-12-10T13:57:12.255627Z
2025-12-10T13:57:12.458399Z,b2,0.095,2025-12-10T13:57:12.362958Z,2025-12-10T13:57:12.458399Z
2025-12-10T13:57:13.814647Z,b1,1.252,2025-12-10T13:57:12.562959Z,2025-12-10T13:57:13.814647Z
2025-12-10T13:57:13.814934Z,b2,1.252,2025-12-10T13:57:12.563028Z,2025-12-10T13:57:13.814934Z
2025-12-10T13:57:14.011061Z,b2,0.095,2025-12-10T13:57:13.915776Z,2025-12-10T13:57:14.011061Z
2025-12-10T13:57:15.855368Z,a1,0.090,2025-12-10T13:57:15.765711Z,2025-12-10T13:57:15.855368Z
2025-12-10T13:57:16.561855Z,a2,0.706,2025-12-10T13:57:15.855717Z,2025-12-10T13:57:16.561855Z
2025-12-10T13:57:16.673505Z,a1,0.112,2025-12-10T13:57:16.561765Z,2025-12-10T13:57:16.673505Z
2025-12-10T13:57:17.464516Z,a2,0.108,2025-12-10T13:57:17.356177Z,2025-12-10T13:57:17.464516Z
2025-12-10T13:57:24.564008Z,b2,0.969,2025-12-10T13:57:23.594545Z,2025-12-10T13:57:24.564008Z
2025-12-10T13:57:25.359674Z,b2,0.493,2025-12-10T13:57:24.866840Z,2025-12-10T13:57:25.359674Z
2025-12-10T13:57:25.789357Z,b2,0.329,2025-12-10T13:57:25.460642Z,2025-12-10T13:57:25.789357Z
2025-12-10T13:57:34.295868Z,b2,0.118,2025-12-10T13:57:34.177545Z,2025-12-10T13:57:34.295868Z
2025-12-10T13:57:55.055920Z,b2,0.103,2025-12-10T13:57:54.953377Z,2025-12-10T13:57:55.055920Z
2025-12-10T13:57:55.461915Z,a2,0.608,2025-12-10T13:57:54.854336Z,2025-12-10T13:57:55.461915Z
2025-12-10T13:57:56.885557Z,b2,0.093,2025-12-10T13:57:56.792940Z,2025-12-10T13:57:56.885557Z
2025-12-10T13:57:57.408185Z,a2,0.846,2025-12-10T13:57:56.562152Z,2025-12-10T13:57:57.408185Z
2025-12-10T13:58:01.208229Z,a2,0.120,2025-12-10T13:58:01.088602Z,2025-12-10T13:58:01.208229Z
2025-12-10T13:58:01.725888Z,a2,0.328,2025-12-10T13:58:01.398370Z,2025-12-10T13:58:01.725888Z
2025-12-10T13:58:04.414406Z,a2,2.490,2025-12-10T13:58:01.924426Z,2025-12-10T13:58:04.414406Z
2025-12-10T13:58:14.995918Z,b2,0.094,2025-12-10T13:58:14.901807Z,2025-12-10T13:58:14.995918Z
2025-12-10T13:58:16.832652Z,b2,0.079,2025-12-10T13:58:16.753540Z,2025-12-10T13:58:16.832652Z
2025-12-10T13:58:17.062812Z,b2,0.073,2025-12-10T13:58:16.990270Z,2025-12-10T13:58:17.062812Z
2025-12-10T13:58:17.514333Z,b1,0.212,2025-12-10T13:58:17.302203Z,2025-12-10T13:58:17.514333Z
2025-12-10T13:58:19.777887Z,b1,0.080,2025-12-10T13:58:19.697920Z,2025-12-10T13:58:19.777887Z
2025-12-10T13:58:19.979574Z,b1,0.099,2025-12-10T13:58:19.880568Z,2025-12-10T13:58:19.979574Z
2025-12-10T13:58:48.419449Z,b1,28.245,2025-12-10T13:58:20.174322Z,2025-12-10T13:58:48.419449Z
2025-12-10T13:58:49.485040Z,b2,0.102,2025-12-10T13:58:49.383006Z,2025-12-10T13:58:49.485040Z
2025-12-10T13:58:49.698784Z,a2,0.316,2025-12-10T13:58:49.382969Z,2025-12-10T13:58:49.698784Z
2025-12-10T13:58:50.358636Z,a2,0.217,2025-12-10T13:58:50.141761Z,2025-12-10T13:58:50.358636Z
2025-12-10T13:58:50.937300Z,a2,0.283,2025-12-10T13:58:50.654490Z,2025-12-10T13:58:50.937300Z
2025-12-10T13:58:51.481515Z,a1,0.092,2025-12-10T13:58:51.389040Z,2025-12-10T13:58:51.481515Z
2025-12-10T13:58:51.583526Z,a2,0.194,2025-12-10T13:58:51.389125Z,2025-12-10T13:58:51.583526Z
2025-12-10T13:58:51.988667Z,b1,0.288,2025-12-10T13:58:51.700698Z,2025-12-10T13:58:51.988667Z
2025-12-10T13:58:52.319126Z,b1,0.236,2025-12-10T13:58:52.082805Z,2025-12-10T13:58:52.319126Z
2025-12-10T13:58:52.619259Z,a1,0.206,2025-12-10T13:58:52.413748Z,2025-12-10T13:58:52.619259Z
2025-12-10T13:58:52.813860Z,b2,0.400,2025-12-10T13:58:52.413866Z,2025-12-10T13:58:52.813860Z
2025-12-10T13:58:54.151245Z,b1,1.338,2025-12-10T13:58:52.813721Z,2025-12-10T13:58:54.151245Z
2025-12-10T13:58:54.151532Z,b2,0.450,2025-12-10T13:58:53.701910Z,2025-12-10T13:58:54.151532Z
2025-12-10T13:58:54.553606Z,a2,0.101,2025-12-10T13:58:54.452433Z,2025-12-10T13:58:54.553606Z
2025-12-10T13:58:55.943749Z,b2,0.155,2025-12-10T13:58:55.789213Z,2025-12-10T13:58:55.943749Z
2025-12-10T13:58:56.157529Z,b2,0.099,2025-12-10T13:58:56.058567Z,2025-12-10T13:58:56.157529Z
2025-12-10T13:58:56.763374Z,a2,0.415,2025-12-10T13:58:56.348539Z,2025-12-10T13:58:56.763374Z
2025-12-10T13:58:57.040467Z,a1,0.090,2025-12-10T13:58:56.950097Z,2025-12-10T13:58:57.040467Z
2025-12-10T13:58:57.040774Z,a2,0.201,2025-12-10T13:58:56.839642Z,2025-12-10T13:58:57.040774Z
2025-12-10T13:58:57.040949Z,b2,0.783,2025-12-10T13:58:56.258152Z,2025-12-10T13:58:57.040949Z
2025-12-10T14:00:59.534947Z,a2,0.112,2025-12-10T14:00:59.423115Z,2025-12-10T14:00:59.534947Z
2025-12-10T14:00:59.740262Z,a1,1.031,2025-12-10T14:00:58.709753Z,2025-12-10T14:00:59.740262Z
2025-12-10T14:01:00.116695Z,b1,0.297,2025-12-10T14:00:59.819426Z,2025-12-10T14:01:00.116695Z
2025-12-10T14:01:00.315875Z,b1,0.099,2025-12-10T14:01:00.216986Z,2025-12-10T14:01:00.315875Z
2025-12-10T14:01:00.524228Z,b1,0.092,2025-12-10T14:01:00.432531Z,2025-12-10T14:01:00.524228Z
2025-12-10T14:01:01.821720Z,b1,0.296,2025-12-10T14:01:01.526073Z,2025-12-10T14:01:01.821720Z
2025-12-10T14:01:01.909320Z,b2,1.277,2025-12-10T14:01:00.632379Z,2025-12-10T14:01:01.909320Z
2025-12-10T14:01:02.323088Z,a1,0.414,2025-12-10T14:01:01.909204Z,2025-12-10T14:01:02.323088Z
2025-12-10T14:01:02.531136Z,a1,0.109,2025-12-10T14:01:02.422372Z,2025-12-10T14:01:02.531136Z
2025-12-10T14:02:17.738789Z,a2,77.998,2025-12-10T14:00:59.740553Z,2025-12-10T14:02:17.738789Z
2025-12-10T14:02:32.108783Z,a2,14.298,2025-12-10T14:02:17.811223Z,2025-12-10T14:02:32.108783Z
2025-12-10T14:02:39.982244Z,a2,7.705,2025-12-10T14:02:32.277523Z,2025-12-10T14:02:39.982244Z
2025-12-10T14:02:40.390754Z,a2,0.310,2025-12-10T14:02:40.080728Z,2025-12-10T14:02:40.390754Z
2025-12-10T14:02:44.292497Z,a2,3.785,2025-12-10T14:02:40.507534Z,2025-12-10T14:02:44.292497Z
2025-12-10T14:02:44.580499Z,a2,0.088,2025-12-10T14:02:44.492983Z,2025-12-10T14:02:44.580499Z
2025-12-10T14:02:45.078809Z,a2,0.103,2025-12-10T14:02:44.975334Z,2025-12-10T14:02:45.078809Z
2025-12-10T14:02:45.377926Z,a2,0.080,2025-12-10T14:02:45.297426Z,2025-12-10T14:02:45.377926Z
2025-12-10T14:02:45.694308Z,a2,0.088,2025-12-10T14:02:45.606368Z,2025-12-10T14:02:45.694308Z
2025-12-10T14:02:47.191034Z,a2,1.421,2025-12-10T14:02:45.770469Z,2025-12-10T14:02:47.191034Z
2025-12-10T15:06:40.755199Z,A1,0.287,2025-12-10T15:06:40.467769Z,2025-12-10T15:06:40.755199Z
2025-12-10T15:06:48.967670Z,A2,8.211,2025-12-10T15:06:40.756581Z,2025-12-10T15:06:48.967670Z
2025-12-10T15:06:48.967934Z,B1,0.114,2025-12-10T15:06:48.853771Z,2025-12-10T15:06:48.967934Z
2025-12-10T15:06:49.154808Z,A1,0.096,2025-12-10T15:06:49.058558Z,2025-12-10T15:06:49.154808Z
2025-12-10T15:06:49.155392Z,B2,8.094,2025-12-10T15:06:41.061343Z,2025-12-10T15:06:49.155392Z
2025-12-10T15:06:49.255021Z,A2,0.100,2025-12-10T15:06:49.155177Z,2025-12-10T15:06:49.255021Z
2025-12-10T15:06:49.353144Z,A1,0.098,2025-12-10T15:06:49.254927Z,2025-12-10T15:06:49.353144Z
2025-12-10T15:06:51.455581Z,A1,0.201,2025-12-10T15:06:51.254353Z,2025-12-10T15:06:51.455581Z
2025-12-10T15:06:51.658118Z,B1,0.202,2025-12-10T15:06:51.455899Z,2025-12-10T15:06:51.658118Z
2025-12-10T15:06:55.522992Z,A1,0.203,2025-12-10T15:06:55.320225Z,2025-12-10T15:06:55.522992Z
2025-12-10T15:06:55.621248Z,B2,0.201,2025-12-10T15:06:55.420385Z,2025-12-10T15:06:55.621248Z
2025-12-10T15:07:00.658196Z,A1,0.194,2025-12-10T15:07:00.464312Z,2025-12-10T15:07:00.658196Z
2025-12-10T15:07:00.753912Z,B1,0.095,2025-12-10T15:07:00.658510Z,2025-12-10T15:07:00.753912Z
2025-12-10T15:07:03.986932Z,A1,0.197,2025-12-10T15:07:03.789936Z,2025-12-10T15:07:03.986932Z
2025-12-10T15:07:04.089500Z,A2,0.102,2025-12-10T15:07:03.987189Z,2025-12-10T15:07:04.089500Z
2025-12-10T15:07:04.196638Z,B2,0.209,2025-12-10T15:07:03.987291Z,2025-12-10T15:07:04.196638Z
2025-12-10T15:07:04.288213Z,B3,0.198,2025-12-10T15:07:04.089844Z,2025-12-10T15:07:04.288213Z
2025-12-10T15:08:02.934742Z,A1,2.577,2025-12-10T15:08:00.357583Z,2025-12-10T15:08:02.934742Z
2025-12-10T15:08:05.335053Z,B1,58.740,2025-12-10T15:07:06.594888Z,2025-12-10T15:08:05.335053Z
2025-12-10T15:08:05.416969Z,A2,0.082,2025-12-10T15:08:05.334981Z,2025-12-10T15:08:05.416969Z
2025-12-10T15:08:05.853001Z,B2,0.436,2025-12-10T15:08:05.417268Z,2025-12-10T15:08:05.853001Z
2025-12-10T15:08:06.453791Z,B1,0.705,2025-12-10T15:08:05.748686Z,2025-12-10T15:08:06.453791Z
2025-12-10T15:08:07.149007Z,B3,0.187,2025-12-10T15:08:06.962361Z,2025-12-10T15:08:07.149007Z
2025-12-10T15:08:07.251004Z,B1,0.199,2025-12-10T15:08:07.051939Z,2025-12-10T15:08:07.251004Z
2025-12-10T15:08:07.345645Z,B3,0.094,2025-12-10T15:08:07.251260Z,2025-12-10T15:08:07.345645Z
2025-12-10T15:08:07.611345Z,B3,0.193,2025-12-10T15:08:07.418055Z,2025-12-10T15:08:07.611345Z
2025-12-10T15:08:08.618392Z,B2,0.390,2025-12-10T15:08:08.228561Z,2025-12-10T15:08:08.618392Z
2025-12-10T15:08:09.025890Z,B2,0.211,2025-12-10T15:08:08.815185Z,2025-12-10T15:08:09.025890Z
2025-12-10T15:08:09.313507Z,B1,0.695,2025-12-10T15:08:08.618354Z,2025-12-10T15:08:09.313507Z
2025-12-10T15:08:09.415265Z,B2,0.300,2025-12-10T15:08:09.115429Z,2025-12-10T15:08:09.415265Z
2025-12-10T15:22:09.101256Z,A1,838.981,2025-12-10T15:08:10.119871Z,2025-12-10T15:22:09.101256Z
2025-12-10T15:22:09.102130Z,A3,950.310,2025-12-10T15:06:18.792291Z,2025-12-10T15:22:09.102130Z
2025-12-10T15:23:55.254330Z,A1,26.980,2025-12-10T15:23:28.274445Z,2025-12-10T15:23:55.254330Z
2025-12-10T15:23:55.255267Z,A3,27.204,2025-12-10T15:23:28.051118Z,2025-12-10T15:23:55.255267Z
2025-12-10T15:23:55.255357Z,B1,945.840,2025-12-10T15:08:09.415232Z,2025-12-10T15:23:55.255357Z
2025-12-10T15:23:55.560369Z,A2,0.097,2025-12-10T15:23:55.463550Z,2025-12-10T15:23:55.560369Z
2025-12-10T15:23:55.560709Z,B3,0.097,2025-12-10T15:23:55.463680Z,2025-12-10T15:23:55.560709Z
2025-12-10T15:23:55.758965Z,B3,0.099,2025-12-10T15:23:55.660114Z,2025-12-10T15:23:55.758965Z
2025-12-10T15:23:55.865123Z,A2,0.106,2025-12-10T15:23:55.758836Z,2025-12-10T15:23:55.865123Z
2025-12-10T15:23:56.370494Z,A2,0.380,2025-12-10T15:23:55.990086Z,2025-12-10T15:23:56.370494Z
2025-12-10T15:23:56.753710Z,A2,0.190,2025-12-10T15:23:56.563347Z,2025-12-10T15:23:56.753710Z
2025-12-10T15:23:57.141464Z,A2,0.248,2025-12-10T15:23:56.893034Z,2025-12-10T15:23:57.141464Z
2025-12-10T15:23:58.485626Z,A2,0.402,2025-12-10T15:23:58.083847Z,2025-12-10T15:23:58.485626Z
2025-12-10T15:23:58.958392Z,B3,3.093,2025-12-10T15:23:55.865461Z,2025-12-10T15:23:58.958392Z
